quality,timeframe,lane,horizon,split,model,n,days,symbols,target_up_pct,predicted_up_pct,hit_pct,equal_day_hit_pct,hit_ci_low,hit_ci_high,spearman,daily_ic,daily_ic_ci_low,daily_ic_ci_high,signed_spot_bps
complete,5,CE,30,train,price_baseline,3862,9,68.0,44.71776281719316,26.67011910926981,56.16261004660797,55.977523806473016,53.84629324487463,58.555821332040544,0.14858904486240243,0.1529588379326995,0.10688361371867906,0.2047223356755135,4.248465320036948
complete,5,CE,30,train,ratios_only,3862,9,68.0,44.71776281719316,0.0,55.28223718280684,55.83774811581157,53.4148161391911,58.29316875821251,-0.01097825895452975,-0.0031132457586226076,-0.030986672012594255,0.025720200074248113,2.9845177113928
complete,5,CE,30,train,price_plus_ratios,3862,9,68.0,44.71776281719316,26.56654583117556,56.214396685655096,56.0431112075647,53.908833123782514,58.69048107652367,0.14865247610782692,0.15287004301038806,0.10653350076486044,0.2048077806171697,4.226442419962191
complete,5,CE,30,train,ratio_compression,3862,9,68.0,44.71776281719316,48.265147591921284,49.870533402382186,49.75286783894104,48.499214241254684,50.80561195180938,-0.005576879549157556,-0.013706604248429656,-0.03130905481247046,0.003681018892573251,-0.006827054526912736
complete,5,CE,30,train,spot_momentum,3862,9,68.0,44.71776281719316,46.841015018125326,47.72138788192646,47.24174090615756,45.50884928524833,49.24821234238858,-0.06219699497133125,-0.08317873724925413,-0.12764962286930767,-0.024811476986922168,-0.7857005336948147
complete,5,CE,30,train,spot_reversal,3862,9,68.0,44.71776281719316,51.96789228379078,51.08751941998965,51.58117998539458,49.5362089820843,53.273294900777465,0.06219699497133125,0.08317873724925413,0.024811476986922168,0.1276496228693076,0.7857005336948147
complete,5,CE,30,train,train_majority,3862,9,68.0,44.71776281719316,0.0,55.28223718280684,55.83774811581157,53.4148161391911,58.29316875821251,,,,,2.9845177113928
complete,5,CE,30,validation,price_baseline,354,3,7.0,48.30508474576271,22.033898305084744,52.824858757062145,51.58244402594685,45.83333333333333,57.06214689265536,0.03012760386199658,0.07334457347784724,0.0390574955419747,0.10473412913727616,-1.3465338915057743
complete,5,CE,30,validation,ratios_only,354,3,7.0,48.30508474576271,0.0,51.69491525423729,50.764847945874315,46.875,54.80225988700565,-0.04101650281967408,-0.04182875129841505,-0.10639114724480576,0.021771568095496473,0.09921442612119898
complete,5,CE,30,validation,price_plus_ratios,354,3,7.0,48.30508474576271,22.316384180790962,52.54237288135594,51.23522180372463,44.79166666666667,57.06214689265536,0.030136530519362395,0.073426890009907,0.03829140769723516,0.1059278350515464,-1.3508075053591144
complete,5,CE,30,validation,ratio_compression,354,3,7.0,48.30508474576271,49.152542372881356,51.69491525423729,53.31092627467392,46.89265536723164,56.79012345679012,0.05110795371933913,0.05026487146757654,0.02767227346717309,0.09489611562782295,0.3943603703014735
complete,5,CE,30,validation,spot_momentum,354,3,7.0,48.30508474576271,51.41242937853108,41.52542372881356,40.19080874659971,29.629629629629626,46.875,-0.13481174117912662,-0.1605177328756394,-0.3906278229448961,0.08844305630495887,-1.7277472449451343
complete,5,CE,30,validation,spot_reversal,354,3,7.0,48.30508474576271,48.30508474576271,58.19209039548022,59.397668619655434,53.125,69.1358024691358,0.13481174117912662,0.1605177328756394,-0.08844305630495887,0.3906278229448961,1.7277472449451343
complete,5,CE,30,validation,train_majority,354,3,7.0,48.30508474576271,0.0,51.69491525423729,50.764847945874315,46.875,54.80225988700565,,,,,0.09921442612119898
complete,5,CE,30,test,price_baseline,663,3,22.0,38.46153846153847,22.92609351432881,54.90196078431373,58.53479853479854,44.505494505494504,73.07692307692307,-0.1159735535075486,-0.030136055138953788,-0.2675631586962082,0.2745299145299145,-1.4704073796864878
complete,5,CE,30,test,ratios_only,663,3,22.0,38.46153846153847,0.0,61.53846153846154,59.120879120879124,49.45054945054945,66.37362637362637,0.05689022931685291,0.08418468435860683,0.0220927415840274,0.16617681747651858,3.9015612595347666
complete,5,CE,30,test,price_plus_ratios,663,3,22.0,38.46153846153847,22.92609351432881,54.90196078431373,58.53479853479854,44.505494505494504,73.07692307692307,-0.11662643640233072,-0.03089311579398155,-0.2688490750260517,0.2745299145299145,-1.4704073796864878
complete,5,CE,30,test,ratio_compression,663,3,22.0,38.46153846153847,46.60633484162896,47.66214177978884,46.227106227106226,42.857142857142854,49.67032967032967,-0.04612416349635594,-0.08338063360717286,-0.11592655148492483,-0.029258084379328808,-0.8131857114370453
complete,5,CE,30,test,spot_momentum,663,3,22.0,38.46153846153847,45.70135746606335,51.58371040723983,51.75824175824175,48.9010989010989,53.84615384615385,0.048101567265853275,-0.14532513377955672,-0.47076923076923066,0.05285139906860297,0.25648505219399287
complete,5,CE,30,test,spot_reversal,663,3,22.0,38.46153846153847,54.14781297134238,48.26546003016591,48.16849816849817,46.15384615384615,51.098901098901095,-0.048101567265853275,0.14532513377955672,-0.05285139906860297,0.47076923076923066,-0.25648505219399287
complete,5,CE,30,test,train_majority,663,3,22.0,38.46153846153847,0.0,61.53846153846154,59.120879120879124,49.45054945054945,66.37362637362637,,,,,3.9015612595347666
complete,5,CE,60,train,price_baseline,3535,9,68.0,41.78217821782178,20.594059405940595,60.198019801980195,59.90627152958338,55.93129155035164,63.63694662138437,0.18096674673166532,0.20362422968236132,0.14159558489233173,0.2710420795056329,8.16034509900864
complete,5,CE,60,train,ratios_only,3535,9,68.0,41.78217821782178,0.0,58.21782178217821,58.506984171583554,54.89520230497542,62.112296198795335,-0.028281984567702447,-0.03780797695425312,-0.09682066442356105,0.0189822746082916,6.229129772892518
complete,5,CE,60,train,price_plus_ratios,3535,9,68.0,41.78217821782178,18.359264497878357,59.830268741159834,59.62377916531602,55.85462246465283,63.28319529442127,0.1852047036936605,0.21259375217666995,0.14892520084403896,0.28161243316210455,7.933463659677936
complete,5,CE,60,train,ratio_compression,3535,9,68.0,41.78217821782178,47.86421499292786,49.504950495049506,48.98860781638506,47.167127014699176,50.885998122002775,-0.01815577785384354,-0.023946786882850842,-0.050071778454566444,-0.0005412439396693758,-0.2662116934469376
complete,5,CE,60,train,spot_momentum,3535,9,68.0,41.78217821782178,46.67609618104668,46.95898161244696,46.85346193167721,43.98798610045645,49.716412897575516,-0.06843305437883133,-0.10205955843674232,-0.16104021253176465,-0.028736320226849677,-0.961614611412738
complete,5,CE,60,train,spot_reversal,3535,9,68.0,41.78217821782178,52.220650636492216,51.937765205091935,52.06039418411375,49.18950517414055,54.965373456128,0.06843305437883133,0.10205955843674232,0.028736320226849653,0.16104021253176462,0.961614611412738
complete,5,CE,60,train,train_majority,3535,9,68.0,41.78217821782178,0.0,58.21782178217821,58.506984171583554,54.89520230497542,62.112296198795335,,,,,6.229129772892518
complete,5,CE,60,validation,price_baseline,323,3,7.0,41.17647058823529,10.526315789473683,53.25077399380805,54.116377195564716,50.63291139240506,58.22784810126582,-0.10482089438232263,0.05317298307114837,-0.2806948420802873,0.33081749139110334,-2.0009255344180463
complete,5,CE,60,validation,ratios_only,323,3,7.0,41.17647058823529,0.0,58.82352941176471,57.104307722500245,52.32558139534884,64.55696202531645,0.03938146007628185,-0.0663756516879944,-0.2433787731256086,0.07977236148348492,3.539020820469155
complete,5,CE,60,validation,price_plus_ratios,323,3,7.0,41.17647058823529,11.455108359133128,52.32198142414861,53.06152487488961,50.0,55.69620253164557,-0.08911862797065055,0.054731866934878415,-0.2714380900517016,0.32713807255059196,-2.6575883367878634
complete,5,CE,60,validation,ratio_compression,323,3,7.0,41.17647058823529,48.297213622291025,50.464396284829725,52.04101658325973,45.56962025316456,58.22784810126582,0.04899130623363442,0.04735323249145066,-0.00381831513422352,0.0837147030185005,-0.2619805864553232
complete,5,CE,60,validation,spot_momentum,323,3,7.0,41.17647058823529,51.39318885448917,47.05882352941176,45.11333529584928,31.645569620253166,52.53164556962025,-0.06376966422423239,-0.09828160192187213,-0.35370009737098346,0.14365839737127317,-1.2405862960146297
complete,5,CE,60,validation,spot_reversal,323,3,7.0,41.17647058823529,48.297213622291025,52.63157894736842,54.46472377588067,47.46835443037975,67.08860759493672,0.06376966422423239,0.09828160192187213,-0.14365839737127317,0.35370009737098346,1.2405862960146297
complete,5,CE,60,validation,train_majority,323,3,7.0,41.17647058823529,0.0,58.82352941176471,57.104307722500245,52.32558139534884,64.55696202531645,,,,,3.539020820469155
complete,5,CE,60,test,price_baseline,603,3,21.0,37.3134328358209,17.24709784411277,60.69651741293532,54.830759136678466,44.84848484848485,67.46987951807229,-0.045906198226954464,-0.0936465695021138,-0.32605743999782877,0.05830039525691701,2.022655352591219
complete,5,CE,60,test,ratios_only,603,3,21.0,37.3134328358209,0.0,62.68656716417911,48.98011016397606,34.78260869565217,73.97590361445782,0.06779713821468607,0.1232722628147318,-0.030160396750182696,0.39207009328014336,6.722748769781884
complete,5,CE,60,test,price_plus_ratios,603,3,21.0,37.3134328358209,8.623548922056385,58.70646766169154,49.39494473281796,39.130434782608695,66.02409638554217,0.03470133155674034,-0.09320971034410262,-0.26818066156917103,0.043478260869565216,2.392318277112416
complete,5,CE,60,test,ratio_compression,603,3,21.0,37.3134328358209,45.27363184079602,52.57048092868989,49.00900042859184,43.47826086956522,54.45783132530121,0.007755276765587827,-0.050507423073340246,-0.10474308300395258,0.008089549170324666,-0.24887037387130514
complete,5,CE,60,test,spot_momentum,603,3,21.0,37.3134328358209,43.61525704809287,51.575456053067995,48.77047055150774,43.47826086956522,52.53012048192771,-0.022531755605915648,-0.1338524262834516,-0.3132411067193676,-0.0006878961664149255,-0.6344529000181831
complete,5,CE,60,test,spot_reversal,603,3,21.0,37.3134328358209,56.053067993366504,48.09286898839137,51.06888687821113,46.98795180722892,56.52173913043478,0.022531755605915648,0.1338524262834516,0.0006878961664149255,0.3132411067193676,0.6344529000181831
complete,5,CE,60,test,train_majority,603,3,21.0,37.3134328358209,0.0,62.68656716417911,48.98011016397606,34.78260869565217,73.97590361445782,,,,,6.722748769781884
complete,5,PE,30,train,price_baseline,2311,9,52.0,49.63219385547382,56.77196019039377,54.95456512332324,54.94028418303623,52.41885275615111,57.459809153004315,0.15355633026525434,0.180460238821831,0.1401794361605287,0.218297863168569,4.504630682045756
complete,5,PE,30,train,ratios_only,2311,9,52.0,49.63219385547382,100.0,49.63219385547382,49.309999829590645,46.49650621411479,52.27603337700035,0.004623499159681971,0.015950683072445564,-0.038262016449200784,0.0690144824055556,2.096838923226653
complete,5,PE,30,train,price_plus_ratios,2311,9,52.0,49.63219385547382,56.9883167459974,54.39203807875379,54.94552469513866,52.44084159693156,57.28591694637405,0.14952026594229367,0.17636814239124693,0.13728508734614572,0.2109030339172241,4.18268190822393
complete,5,PE,30,train,ratio_compression,2311,9,52.0,49.63219385547382,50.80051925573345,51.06014712245781,51.28405880145637,49.15703785007644,53.48226712472872,0.01445661412630301,0.00782967511993225,-0.019839666973193917,0.04213614588455807,0.12874086740515636
complete,5,PE,30,train,spot_momentum,2311,9,52.0,49.63219385547382,48.723496321938555,47.55517092167892,47.65847204401973,45.70076062806842,49.515748433422935,-0.014529092488080268,-0.026354398411325173,-0.07173905044582853,0.02617943035935145,0.015317271350817676
complete,5,PE,30,train,spot_reversal,2311,9,52.0,49.63219385547382,50.237992211164,51.406317611423624,51.1904894441193,49.364649608269964,53.186139912724116,0.014529092488080268,0.026354398411325173,-0.02617943035935146,0.07173905044582843,-0.015317271350817676
complete,5,PE,30,train,train_majority,2311,9,52.0,49.63219385547382,0.0,50.367806144526185,50.690000170409355,47.72396662299964,53.503493785885205,,,,,-2.096838923226653
complete,5,PE,30,validation,price_baseline,160,3,6.0,47.5,95.625,50.625,44.16214995483288,20.833333333333336,56.09756097560976,0.17722091968020082,0.24972581234271038,0.2012070025769748,0.3069565217391304,3.2356054074202043
complete,5,PE,30,validation,ratios_only,160,3,6.0,47.5,100.0,47.5,41.286510087323094,20.833333333333336,54.87804878048781,0.1810016927106448,0.11839738417749718,-0.03586811511339812,0.3545385285154549,2.243098372497844
complete,5,PE,30,validation,price_plus_ratios,160,3,6.0,47.5,93.75,52.5,46.01400180668474,20.833333333333336,61.111111111111114,0.1969297118025489,0.24136423281028585,0.22431865828092237,0.25281751841080474,3.503673033955608
complete,5,PE,30,validation,ratio_compression,160,3,6.0,47.5,47.5,50.0,47.26362541403192,37.5,52.4390243902439,0.03662108623952571,-0.017674452165287412,-0.248695652173913,0.12725224612592576,1.9672183295124586
complete,5,PE,30,validation,spot_momentum,160,3,6.0,47.5,45.625,52.5,52.11532670882265,37.03703703703704,60.97560975609756,0.06401919609046657,-0.0481207617120637,-0.3446922050695635,0.3029386155855463,2.4858543840190834
complete,5,PE,30,validation,spot_reversal,160,3,6.0,47.5,53.125,46.25,47.07166516109605,36.585365853658544,62.96296296296296,-0.06401919609046657,0.0481207617120637,-0.3029386155855463,0.3446922050695635,-2.4858543840190834
complete,5,PE,30,validation,train_majority,160,3,6.0,47.5,0.0,52.5,58.7134899126769,45.1219512195122,79.16666666666666,,,,,-2.243098372497844
complete,5,PE,30,test,price_baseline,372,2,16.0,42.204301075268816,68.27956989247312,49.73118279569893,47.54867800778848,43.529411764705884,51.56794425087108,0.13400688866587032,0.05146840231556485,-0.041235098690639044,0.14417190332176874,0.24533472740873147
complete,5,PE,30,test,ratios_only,372,2,16.0,42.204301075268816,100.0,42.204301075268816,40.18651362984218,36.470588235294116,43.90243902439025,-0.04664783844190416,-0.08198568224786791,-0.09813168382424126,-0.06583968067149457,-2.9485289993599624
complete,5,PE,30,test,price_plus_ratios,372,2,16.0,42.204301075268816,75.53763440860214,46.774193548387096,45.218282434925186,42.35294117647059,48.08362369337979,0.13490586638030252,0.036451875977214256,-0.07819034590580419,0.1510940978602327,-1.2404996952342215
complete,5,PE,30,test,ratio_compression,372,2,16.0,42.204301075268816,48.655913978494624,44.086021505376344,45.96023775363805,42.508710801393725,49.411764705882355,-0.09838496957747773,-0.082436936242548,-0.0964157915783147,-0.06845808090678131,-1.8992278328353063
complete,5,PE,30,test,spot_momentum,372,2,16.0,42.204301075268816,40.32258064516129,44.086021505376344,45.54621848739496,42.857142857142854,48.23529411764706,-0.1400403310802223,-0.17312785085167384,-0.21902588932198735,-0.12722981238136033,-0.8554922144334618
complete,5,PE,30,test,spot_reversal,372,2,16.0,42.204301075268816,58.333333333333336,54.56989247311827,52.75466284074606,49.411764705882355,56.09756097560976,0.1400403310802223,0.17312785085167384,0.12722981238136033,0.21902588932198735,0.8554922144334618
complete,5,PE,30,test,train_majority,372,2,16.0,42.204301075268816,0.0,57.795698924731184,59.81348637015782,56.09756097560976,63.52941176470588,,,,,2.9485289993599624
complete,5,PE,60,train,price_baseline,2124,9,50.0,48.54048964218456,51.74199623352166,54.99058380414312,55.38058318707662,52.83037388591352,57.58413060432702,0.1559425167923534,0.19710264762162716,0.1605217592231601,0.23926436199558973,6.328349494207522
complete,5,PE,60,train,ratios_only,2124,9,50.0,48.54048964218456,87.3352165725047,49.90583804143126,48.87598068492933,45.35629921720659,52.583081791974095,0.0340302503932175,0.018135182674080843,-0.018729266790316407,0.052037511674432886,1.2221390512771815
complete,5,PE,60,train,price_plus_ratios,2124,9,50.0,48.54048964218456,52.54237288135594,55.037664783427495,55.70127618498106,53.110258743650405,58.01877192792384,0.1604037507837729,0.19725620659051615,0.1578854395581017,0.24071532145469676,6.485367709353479
complete,5,PE,60,train,ratio_compression,2124,9,50.0,48.54048964218456,50.04708097928437,50.1412429378531,49.78414080021972,47.820021103877934,51.67684265317539,0.03269825072062336,0.013853020858897887,-0.028391639418936982,0.05520034570879333,0.6544521365632546
complete,5,PE,60,train,spot_momentum,2124,9,50.0,48.54048964218456,47.45762711864407,47.64595103578154,47.48368608926371,45.07147532396083,50.122835528466794,-0.07564336328441916,-0.08105245514000758,-0.13924819191309948,-0.015354510038670943,-2.4131179129418827
complete,5,PE,60,train,spot_reversal,2124,9,50.0,48.54048964218456,51.50659133709981,51.31826741996234,51.43220747388747,48.8052493478545,53.807162357821944,0.07564336328441916,0.08105245514000758,0.015354510038670943,0.13924819191309942,2.4131179129418827
complete,5,PE,60,train,train_majority,2124,9,50.0,48.54048964218456,0.0,51.45951035781544,52.07258841644149,48.11503789118629,55.533729001898514,,,,,-1.270850273345688
complete,5,PE,60,validation,price_baseline,142,3,6.0,47.183098591549296,95.77464788732394,51.40845070422535,47.61539655156676,27.659574468085108,67.56756756756758,0.06356371302449787,0.08953765100955191,-0.007792207792207792,0.24064062916592097,5.0537075390854795
complete,5,PE,60,validation,ratios_only,142,3,6.0,47.183098591549296,88.02816901408451,47.88732394366197,43.86575024872897,34.04255319148936,59.45945945945946,0.04082269893126716,0.019316026582673493,-0.10129802554029156,0.09560974165194841,2.7095542635554555
complete,5,PE,60,validation,price_plus_ratios,142,3,6.0,47.183098591549296,95.07042253521126,52.112676056338024,48.324616409722786,29.78723404255319,67.56756756756758,0.05338119681765246,0.09319173959063687,-0.02077922077922078,0.2664855021205501,5.4751393068695045
complete,5,PE,60,validation,ratio_compression,142,3,6.0,47.183098591549296,46.478873239436616,50.0,51.57589200142392,48.64864864864866,57.14285714285714,0.035128528334091316,0.013053772059168542,-0.0886935908554836,0.07850425768233986,2.716521363677866
complete,5,PE,60,validation,spot_momentum,142,3,6.0,47.183098591549296,45.774647887323944,55.633802816901415,54.301413875881956,51.06382978723404,59.45945945945946,0.17402292587858087,0.04577643623988548,-0.2487352202479077,0.3003502432532784,9.115000844356018
complete,5,PE,60,validation,spot_reversal,142,3,6.0,47.183098591549296,52.816901408450704,42.95774647887324,44.79768522321714,37.83783783783783,48.93617021276596,-0.17402292587858087,-0.04577643623988548,-0.3003502432532784,0.2487352202479077,-9.115000844356018
complete,5,PE,60,validation,train_majority,142,3,6.0,47.183098591549296,0.0,52.816901408450704,55.6048449665471,37.83783783783783,76.59574468085107,,,,,-3.383808832266693
complete,5,PE,60,test,price_baseline,336,2,16.0,39.88095238095239,77.38095238095238,44.047619047619044,42.716742716742715,40.25974025974026,45.173745173745175,0.10800650857726794,-0.009939333120086713,-0.1206301634586458,0.10075149721847237,-3.43378943063045
complete,5,PE,60,test,ratios_only,336,2,16.0,39.88095238095239,69.64285714285714,43.452380952380956,40.96174096174096,36.36363636363637,45.559845559845556,-0.03418841578327985,-0.027024251656591614,-0.027446598751232336,-0.026601904561950895,-4.480735360240034
complete,5,PE,60,test,price_plus_ratios,336,2,16.0,39.88095238095239,78.86904761904762,44.94047619047619,41.47069147069147,35.064935064935064,47.87644787644788,0.08248516043434274,-0.02594254642411741,-0.13650912580560495,0.08462403295737013,-3.777829516377532
complete,5,PE,60,test,ratio_compression,336,2,16.0,39.88095238095239,49.404761904761905,47.023809523809526,48.2976482976483,45.94594594594595,50.649350649350644,-0.0404252118633014,-0.019610560287382468,-0.04018069363050005,0.0009595730557351142,-2.10179677009454
complete,5,PE,60,test,spot_momentum,336,2,16.0,39.88095238095239,38.69047619047619,45.535714285714285,45.05089505089505,44.15584415584416,45.94594594594595,-0.07899721437901594,-0.049917846258463676,-0.08201117723595462,-0.017824515280972727,-0.6931997227731708
complete,5,PE,60,test,spot_reversal,336,2,16.0,39.88095238095239,59.82142857142857,52.976190476190474,53.07125307125307,52.8957528957529,53.246753246753244,0.07899721437901594,0.049917846258463676,0.017824515280972727,0.08201117723595462,0.6931997227731708
complete,5,PE,60,test,train_majority,336,2,16.0,39.88095238095239,0.0,60.11904761904761,63.18006318006317,57.52895752895753,68.83116883116884,,,,,7.6587530752000275
complete,5,BOTH,30,train,price_baseline,250,6,6.0,46.400000000000006,44.0,60.0,64.51374362660309,57.449492088667334,71.8219909348504,0.35003888062208993,0.48662796620246196,0.35339921967612814,0.6311662789658565,8.636453653178133
complete,5,BOTH,30,train,ratios_only,250,6,6.0,46.400000000000006,46.800000000000004,53.2,51.944227774395976,43.353639487660104,58.46726373042163,0.1330708011328181,0.1894343763232468,0.07924419083657715,0.33316883716622325,5.233255584851513
complete,5,BOTH,30,train,price_plus_ratios,250,6,6.0,46.400000000000006,48.0,60.8,66.14009009017148,58.83929358156163,73.71999345683557,0.3807455479287668,0.46114176723796213,0.3458305547369885,0.6055525623924644,9.189117783610207
complete,5,BOTH,30,train,ratio_compression,250,6,6.0,46.400000000000006,50.8,46.800000000000004,45.18350793717045,39.18935589038682,50.24741340530814,-0.0828996303940863,-0.25046188881267256,-0.5643478232855151,-0.05537754770832361,-0.7803779542219227
complete,5,BOTH,30,train,spot_momentum,250,6,6.0,46.400000000000006,48.0,45.6,46.87649361550609,37.30364709746152,56.56111363165074,-0.14106852418154614,-0.29722117291739186,-0.5091602157846881,-0.07202391902425827,-2.90631730046262
complete,5,BOTH,30,train,spot_reversal,250,6,6.0,46.400000000000006,51.2,53.6,52.26880552979305,42.683971692381895,61.84914500703974,0.14106852418154614,0.29722117291739186,0.07202391902425678,0.5091602157846872,2.90631730046262
complete,5,BOTH,30,train,train_majority,250,6,6.0,46.400000000000006,0.0,53.6,53.317532530771814,47.16947006691987,60.024420024420024,,,,,-1.8180840948107233
complete,5,BOTH,60,train,price_baseline,230,6,6.0,45.21739130434783,41.30434782608695,66.52173913043478,63.253931103829686,49.90562316880776,73.65510306686778,0.568225584933388,0.4809516881646208,0.07328730786966035,0.7218281951701601,11.610557172960359
complete,5,BOTH,60,train,ratios_only,230,6,6.0,45.21739130434783,36.52173913043478,55.65217391304348,57.29930050416866,49.38590820943762,65.20160554643313,0.2221797568294625,0.2862218616220416,0.045457699723404306,0.6078076195811392,5.572401969656721
complete,5,BOTH,60,train,price_plus_ratios,230,6,6.0,45.21739130434783,42.173913043478265,70.86956521739131,66.99965574204926,52.368268704475604,77.43474887744665,0.6122635670765535,0.6201699678797884,0.5346639470946621,0.7316194832766721,14.215586458981141
complete,5,BOTH,60,train,ratio_compression,230,6,6.0,45.21739130434783,49.56521739130435,49.56521739130435,49.55911041103738,40.82573200220259,58.89550264550262,-0.025785150865841957,-0.13402308924617995,-0.2989751647034679,0.00857319409737052,0.5972708344349299
complete,5,BOTH,60,train,spot_momentum,230,6,6.0,45.21739130434783,46.95652173913044,50.43478260869565,43.41472515914707,35.4369506423259,52.735736204296046,-0.023843145841455565,-0.04751372809404494,-0.350710088411162,0.2566423347155844,-0.23662651000814808
complete,5,BOTH,60,train,spot_reversal,230,6,6.0,45.21739130434783,52.17391304347826,48.69565217391305,55.73057398615207,45.687488080997205,64.41020852785559,0.023843145841455565,0.04751372809404494,-0.2566423347155844,0.350710088411162,0.23662651000814808
complete,5,BOTH,60,train,train_majority,230,6,6.0,45.21739130434783,0.0,54.78260869565217,49.288492290520686,40.66293183940243,57.09166631580425,,,,,0.4758579571832771
complete,15,CE,30,train,price_baseline,1352,9,62.0,46.59763313609467,32.91420118343195,53.180473372781066,52.80768361939141,49.54021327208891,55.65837282078064,0.12786423587104334,0.1324018927742889,0.07045437093758675,0.20350849954149292,3.87602333309566
complete,15,CE,30,train,ratios_only,1352,9,62.0,46.59763313609467,0.0,53.40236686390533,53.944900246116475,50.25790974658304,57.95169082660585,-0.03147613571631978,-0.036410826034653454,-0.08808552763732441,0.016273181275700852,2.082375585104356
complete,15,CE,30,train,price_plus_ratios,1352,9,62.0,46.59763313609467,33.505917159763314,55.25147928994083,55.28329827986131,52.4743644099699,58.41712146006592,0.1274593121699528,0.13238813858827067,0.07139004592895326,0.20404285983363624,4.788342183064439
complete,15,CE,30,train,ratio_compression,1352,9,62.0,46.59763313609467,48.22485207100592,49.85207100591716,49.81521424665182,47.27437924209984,52.338026542394566,-0.007740461247825772,-0.01684881267946836,-0.07180993066131933,0.05357543725295376,-0.17046085563980704
complete,15,CE,30,train,spot_momentum,1352,9,62.0,46.59763313609467,47.337278106508876,48.96449704142012,49.02862852410353,46.78670878308855,51.08704542396721,-0.06887394275846398,-0.0880814057049522,-0.14805640513427856,-0.01639349168892204,-0.7497132145314912
complete,15,CE,30,train,spot_reversal,1352,9,62.0,46.59763313609467,51.405325443786985,49.778106508875744,49.68214621080176,47.579204472698265,52.012650946551176,0.06887394275846398,0.0880814057049522,0.01639349168892188,0.14805640513427856,0.7497132145314912
complete,15,CE,30,train,train_majority,1352,9,62.0,46.59763313609467,0.0,53.40236686390533,53.944900246116475,50.25790974658304,57.95169082660585,,,,,2.082375585104356
complete,15,CE,30,validation,price_baseline,116,3,7.0,50.86206896551724,24.137931034482758,50.86206896551724,50.0,46.666666666666664,53.333333333333336,-0.008265098220120708,0.03883533972414798,-0.06624062239510976,0.11813125695216908,-3.0683747340044
complete,15,CE,30,validation,ratios_only,116,3,7.0,50.86206896551724,0.0,49.137931034482754,47.60683760683761,43.333333333333336,53.333333333333336,0.0727097989466805,0.015870707935497903,-0.15459849958321759,0.28186874304783094,-2.7294131634083443
complete,15,CE,30,validation,price_plus_ratios,116,3,7.0,50.86206896551724,26.72413793103448,51.724137931034484,52.008547008547,46.666666666666664,57.692307692307686,5.381924422404183e-05,0.04270714095435521,-0.07163100861350377,0.13103448275862067,-2.2314768845100907
complete,15,CE,30,validation,ratio_compression,116,3,7.0,50.86206896551724,56.03448275862068,51.724137931034484,52.94871794871795,48.333333333333336,56.666666666666664,0.02833198785222773,0.023924301428613737,-0.14256410256410257,0.26629588431590656,0.5972011512211363
complete,15,CE,30,validation,spot_momentum,116,3,7.0,50.86206896551724,48.275862068965516,50.86206896551724,53.333333333333336,43.333333333333336,66.66666666666666,-0.012478376196517128,0.0005174757582622388,-0.23417616004445685,0.35572858731924356,-0.1768193742492242
complete,15,CE,30,validation,spot_reversal,116,3,7.0,50.86206896551724,51.724137931034484,49.137931034482754,46.666666666666664,33.33333333333333,56.666666666666664,0.012478376196517128,-0.0005174757582622388,-0.35572858731924356,0.23417616004445685,0.1768193742492242
complete,15,CE,30,validation,train_majority,116,3,7.0,50.86206896551724,0.0,49.137931034482754,47.60683760683761,43.333333333333336,53.333333333333336,,,,,-2.7294131634083443
complete,15,CE,30,test,price_baseline,225,3,18.0,43.55555555555555,23.11111111111111,51.11111111111111,47.702794819359234,36.666666666666664,56.44171779141104,-0.09929414243573538,-0.19658382199941227,-0.3565434843011948,-0.0366241596976297,-4.096953927492214
complete,15,CE,30,test,ratios_only,225,3,18.0,43.55555555555555,0.0,56.44444444444444,51.56100886162236,43.333333333333336,61.34969325153374,-0.0490243193458994,-0.001511348774481655,-0.12816857140281163,0.12514587385384832,0.9800514182169929
complete,15,CE,30,test,price_plus_ratios,225,3,18.0,43.55555555555555,16.0,47.55555555555556,45.01363326516701,31.666666666666664,53.37423312883436,-0.09326696165191742,-0.20579385551553495,-0.3519310919699917,-0.059656619061078144,-5.087832244757257
complete,15,CE,30,test,ratio_compression,225,3,18.0,43.55555555555555,46.22222222222222,48.44444444444444,31.41785957736878,0.0,50.920245398773,-0.09836493889591237,-0.1092273486162785,-0.1297026951931092,-0.08875200203944782,-3.1592018729969773
complete,15,CE,30,test,spot_momentum,225,3,18.0,43.55555555555555,45.33333333333333,53.77777777777778,36.68029993183367,0.0,56.666666666666664,0.0950084281500211,0.049992701035191385,0.010113920533481525,0.08987148153690125,3.1998456684076224
complete,15,CE,30,test,spot_reversal,225,3,18.0,43.55555555555555,54.666666666666664,46.22222222222222,63.31970006816633,43.333333333333336,100.0,-0.0950084281500211,-0.049992701035191385,-0.08987148153690125,-0.010113920533481525,-3.1998456684076224
complete,15,CE,30,test,train_majority,225,3,18.0,43.55555555555555,0.0,56.44444444444444,51.56100886162236,43.333333333333336,61.34969325153374,,,,,0.9800514182169929
complete,15,CE,60,train,price_baseline,1244,9,62.0,43.729903536977496,26.366559485530544,57.234726688102896,56.47405096056551,52.46168255619943,60.62754741995756,0.16691356382477243,0.16584812265548574,0.08064494548794746,0.26528981111623956,6.981237574582736
complete,15,CE,60,train,ratios_only,1244,9,62.0,43.729903536977496,1.527331189710611,56.028938906752416,55.474450402395206,51.32052436418131,59.05525928368327,-0.005760572848364588,-0.014216593826776099,-0.07820892915743775,0.059357966093888846,4.8385611774025525
complete,15,CE,60,train,price_plus_ratios,1244,9,62.0,43.729903536977496,27.57234726688103,58.11897106109325,56.70003139382802,52.11054684434728,60.91526926273166,0.17514143356517495,0.171331437136143,0.08635372380256412,0.26683283719289846,6.888860876592916
complete,15,CE,60,train,ratio_compression,1244,9,62.0,43.729903536977496,47.50803858520901,51.929260450160776,51.721252092164164,48.552575249462194,55.11894480612809,0.01550439879590877,0.004329831372851817,-0.05923663030025261,0.08412787303550807,1.2005604401783196
complete,15,CE,60,train,spot_momentum,1244,9,62.0,43.729903536977496,47.18649517684887,46.94533762057878,47.02853230106818,43.73370039911711,50.410107986501885,-0.07830761893941027,-0.10827053553896215,-0.18683367286938526,-0.012460586954512666,-0.7493661983304793
complete,15,CE,60,train,spot_reversal,1244,9,62.0,43.729903536977496,51.848874598070736,52.09003215434084,52.02184599770043,48.56906160690819,55.3122316662488,0.07830761893941027,0.10827053553896215,0.012460586954512624,0.18683367286938526,0.7493661983304793
complete,15,CE,60,train,train_majority,1244,9,62.0,43.729903536977496,0.0,56.27009646302251,55.860643789754825,51.77333588461156,59.369463852120234,,,,,5.509273660242401
complete,15,CE,60,validation,price_baseline,107,3,7.0,46.728971962616825,13.084112149532709,45.794392523364486,45.485175202156334,39.285714285714285,50.0,-0.08029154176218185,0.13510754264170008,-0.34808901790033864,0.4050355774493705,-3.910508806001755
complete,15,CE,60,validation,ratios_only,107,3,7.0,46.728971962616825,2.803738317757009,54.20560747663551,51.053977469071796,42.857142857142854,64.15094339622641,0.09372244754011638,0.06840527601750764,-0.0716819867763264,0.2922824302134647,1.1586345729319507
complete,15,CE,60,validation,price_plus_ratios,107,3,7.0,46.728971962616825,19.626168224299064,46.728971962616825,47.32877185707374,42.857142857142854,53.84615384615385,-0.03540429867356335,0.1586345705669063,-0.3384131591678761,0.4871373836891079,-1.7834409758825267
complete,15,CE,60,validation,ratio_compression,107,3,7.0,46.728971962616825,53.271028037383175,52.336448598130836,53.256963162623535,49.05660377358491,60.71428571428571,0.03223025529497051,0.05909141726968661,-0.08482502822125464,0.24466338259441703,1.294950589218514
complete,15,CE,60,validation,spot_momentum,107,3,7.0,46.728971962616825,48.598130841121495,51.4018691588785,50.760246043264914,42.30769230769231,57.14285714285714,-0.006681165383334313,-0.04414982063648298,-0.19843573617158525,0.22769567597153803,-2.154286560655492
complete,15,CE,60,validation,spot_reversal,107,3,7.0,46.728971962616825,51.4018691588785,48.598130841121495,49.23975395673509,42.857142857142854,57.692307692307686,0.006681165383334313,0.04414982063648298,-0.22769567597153803,0.19843573617158525,2.154286560655492
complete,15,CE,60,validation,train_majority,107,3,7.0,46.728971962616825,0.0,53.271028037383175,49.86350127859562,39.285714285714285,64.15094339622641,,,,,-0.8014353043435618
complete,15,CE,60,test,price_baseline,209,3,17.0,37.32057416267943,13.875598086124402,58.3732057416268,67.68909027535727,36.84210526315789,100.0,-0.03295783164204217,-0.19127100120705967,-0.347031371532279,-0.03551063088184036,-2.002828237000932
complete,15,CE,60,test,ratios_only,209,3,17.0,37.32057416267943,0.0,62.67942583732058,36.56326246078773,0.0,72.8476821192053,-0.06336076774426987,-0.002230500294563925,-0.14414209988910195,0.1396810992999741,4.390954396982311
complete,15,CE,60,test,price_plus_ratios,209,3,17.0,37.32057416267943,10.047846889952153,56.45933014354066,33.693505286394796,0.0,64.23841059602648,-0.0011212471738787527,-0.14334716959102484,-0.19069224786103192,-0.09600209132101777,-0.42204004610221063
complete,15,CE,60,test,ratio_compression,209,3,17.0,37.32057416267943,43.54066985645933,48.803827751196174,33.0738546144611,0.0,50.877192982456144,-0.08691440138808561,-0.058561564335593494,-0.12412338794004879,0.0070002592688618095,-1.9144779699286651
complete,15,CE,60,test,spot_momentum,209,3,17.0,37.32057416267943,43.54066985645933,54.54545454545454,36.814995546260796,0.0,56.14035087719298,0.042287975182712025,0.019239981662308323,-0.015772046009062388,0.05425200933367903,2.0764050627842066
complete,15,CE,60,test,spot_reversal,209,3,17.0,37.32057416267943,56.45933014354066,45.45454545454545,63.185004453739204,43.859649122807014,100.0,-0.042287975182712025,-0.019239981662308323,-0.05425200933367903,0.015772046009062388,-2.0764050627842066
complete,15,CE,60,test,train_majority,209,3,17.0,37.32057416267943,0.0,62.67942583732058,36.56326246078773,0.0,72.8476821192053,,,,,4.390954396982311
complete,15,PE,30,train,price_baseline,794,9,45.0,48.614609571788414,56.04534005037783,55.037783375314866,56.07875852867866,51.57876145646867,60.99942927042782,0.16053441186096232,0.17890265854318643,0.102302814961395,0.26088215682050464,5.434400414144758
complete,15,PE,30,train,ratios_only,794,9,45.0,48.614609571788414,99.74811083123426,48.86649874055416,48.31988640094724,45.03329779471332,51.86310187729176,0.026008382397402958,0.04334822926643977,-0.0564027990554585,0.13612591270314878,2.3340558086188654
complete,15,PE,30,train,price_plus_ratios,794,9,45.0,48.614609571788414,54.65994962216625,54.65994962216625,56.07298928965808,51.14035422572327,61.27360139860139,0.14996515929696114,0.1731987863016385,0.09413893192773576,0.25808729437201827,4.972694479446015
complete,15,PE,30,train,ratio_compression,794,9,45.0,48.614609571788414,51.00755667506297,49.87405541561713,48.87716529820379,44.95963182366691,52.42494442726464,0.022780036926524447,-0.0010437806478180076,-0.09561423608435377,0.08951762643097942,0.10075437817739735
complete,15,PE,30,train,spot_momentum,794,9,45.0,48.614609571788414,47.103274559193956,50.25188916876574,51.376740411333344,48.728171336830876,53.88060623586939,0.015220366118944206,0.017668673615459287,-0.0832459277432255,0.11806152115161055,0.34410648917426906
complete,15,PE,30,train,spot_reversal,794,9,45.0,48.614609571788414,52.39294710327456,49.24433249370277,47.90089228735199,45.509074259074254,50.59997739018266,-0.015220366118944206,-0.017668673615459287,-0.11806152115161059,0.0832459277432255,-0.34410648917426906
complete,15,PE,30,train,train_majority,794,9,45.0,48.614609571788414,0.0,51.385390428211586,52.020767364364076,48.22431707725825,55.84354070487566,,,,,-1.9561104441115338
complete,15,PE,30,validation,price_baseline,52,3,4.0,48.07692307692308,88.46153846153845,44.230769230769226,45.685425685425685,28.57142857142857,60.0,0.23853837616323742,0.09744005994005996,-0.09999999999999999,0.26704545454545453,2.1548842395975494
complete,15,PE,30,validation,ratios_only,52,3,4.0,48.07692307692308,100.0,48.07692307692308,39.134199134199136,20.000000000000004,54.54545454545454,0.2008879023307436,-0.04044778750661102,-0.35824175824175825,0.33689839572192515,0.7945912861417033
complete,15,PE,30,validation,price_plus_ratios,52,3,4.0,48.07692307692308,86.53846153846155,46.15384615384615,48.06637806637807,35.714285714285715,60.0,0.24664902245368392,0.1918072123954477,0.09999999999999999,0.2446524064171123,3.4023519679588805
complete,15,PE,30,validation,ratio_compression,52,3,4.0,48.07692307692308,50.0,44.230769230769226,38.658008658008654,21.428571428571427,54.54545454545454,0.1406983693332195,-0.23746865879218823,-0.6,0.40407754010695185,1.6283425370902025
complete,15,PE,30,validation,spot_momentum,52,3,4.0,48.07692307692308,48.07692307692308,50.0,52.82828282828284,48.484848484848484,60.0,0.01818492273542218,-0.07000915750915754,-0.47252747252747257,0.19999999999999998,2.461847928478897
complete,15,PE,30,validation,spot_reversal,52,3,4.0,48.07692307692308,51.92307692307693,50.0,47.17171717171717,40.00000000000001,51.515151515151516,-0.01818492273542218,0.07000915750915754,-0.19999999999999998,0.47252747252747257,-2.461847928478897
complete,15,PE,30,validation,train_majority,52,3,4.0,48.07692307692308,0.0,51.92307692307693,60.865800865800864,45.45454545454545,80.00000000000001,,,,,-0.7945912861417033
complete,15,PE,30,test,price_baseline,120,2,15.0,52.5,59.166666666666664,53.333333333333336,55.13452065176203,51.64835164835166,58.620689655172406,0.11008403361344536,0.052903218720310174,0.017241379310344827,0.08856505813027553,3.1019971535176936
complete,15,PE,30,test,ratios_only,120,2,15.0,52.5,100.0,52.5,48.711633194391815,41.37931034482759,56.043956043956044,-0.05810689454160993,-0.1745141568158105,-0.1923780673262023,-0.15665024630541868,1.6729356370139727
complete,15,PE,30,test,price_plus_ratios,120,2,15.0,52.5,65.0,59.166666666666664,57.805987116331934,55.172413793103445,60.43956043956044,0.2238419334676019,0.15497498503495502,0.13743842364532016,0.17251154642458988,7.664478395266968
complete,15,PE,30,test,ratio_compression,120,2,15.0,52.5,48.333333333333336,40.833333333333336,42.19401288366805,39.56043956043956,44.827586206896555,-0.20645183693312033,-0.25041957043456287,-0.30935960591132994,-0.19147953495779585,-4.443027196201367
complete,15,PE,30,test,spot_momentum,120,2,15.0,52.5,39.166666666666664,40.833333333333336,41.01932550208412,40.65934065934066,41.37931034482759,-0.2272657823459962,-0.2395947630580314,-0.24569198917025006,-0.23349753694581274,-3.5262036078270342
complete,15,PE,30,test,spot_reversal,120,2,15.0,52.5,60.0,58.333333333333336,57.25653656688139,55.172413793103445,59.34065934065934,0.2272657823459962,0.2395947630580314,0.23349753694581274,0.24569198917025006,3.5262036078270342
complete,15,PE,30,test,train_majority,120,2,15.0,52.5,0.0,47.5,51.28836680560818,43.956043956043956,58.620689655172406,,,,,-1.6729356370139727
complete,15,PE,60,train,price_baseline,727,9,45.0,48.968363136176066,54.33287482806052,53.920220082530946,55.110411996135646,51.426214388993465,58.35527344841069,0.14831056579651564,0.18317122555824228,0.12838874041244838,0.22689993769682565,6.475375059658189
complete,15,PE,60,train,ratios_only,727,9,45.0,48.968363136176066,86.10729023383769,49.38101788170564,50.93555648023131,47.94519706572706,53.67535272562493,0.033441549333509665,0.06418735740205489,-0.06744135779796581,0.2060358694175386,2.0802394328680336
complete,15,PE,60,train,price_plus_ratios,727,9,45.0,48.968363136176066,52.95735900962861,53.920220082530946,54.580343465689026,50.55775861928359,58.05631290809613,0.14812012225082752,0.18561636870466322,0.13436419168142916,0.22915136795914418,6.009179818046994
complete,15,PE,60,train,ratio_compression,727,9,45.0,48.968363136176066,50.20632737276479,49.24346629986245,49.457115214605125,45.83598956954592,53.164186620798006,-0.005117147491725696,-0.02131352430388397,-0.1067077053682957,0.0629280335273914,-0.8757979619526122
complete,15,PE,60,train,spot_momentum,727,9,45.0,48.968363136176066,45.667125171939475,48.005502063273724,48.6627690269014,43.80163680779476,52.95876885424515,-0.059480379247493456,-0.06288332811499707,-0.15944570432298852,0.03695486057492627,-1.7243973636261642
complete,15,PE,60,train,spot_reversal,727,9,45.0,48.968363136176066,54.057771664374144,51.719394773039895,51.0318769854843,46.894174682340825,55.56675738692341,0.059480379247493456,0.06288332811499707,-0.036954860574926286,0.1594457043229885,1.7243973636261642
complete,15,PE,60,train,train_majority,727,9,45.0,48.968363136176066,0.0,51.031636863823934,51.876864500140876,47.92828029189707,55.53553706148507,,,,,-1.5153019265527061
complete,15,PE,60,validation,price_baseline,48,3,4.0,50.0,87.5,50.0,57.81637717121587,15.384615384615385,100.0,0.03897090751194095,0.06509068888101148,-0.4010989010989012,0.6000000000000001,3.580564023286404
complete,15,PE,60,validation,ratios_only,48,3,4.0,50.0,100.0,50.0,43.30024813895781,15.384615384615385,64.51612903225806,0.1389491966999566,0.14627348457993625,-0.4010989010989012,0.6000000000000001,3.7773839336343458
complete,15,PE,60,validation,price_plus_ratios,48,3,4.0,50.0,87.5,50.0,57.81637717121587,15.384615384615385,100.0,0.07056013894919669,0.08562271062271067,-0.3681318681318681,0.6000000000000001,3.580564023286404
complete,15,PE,60,validation,ratio_compression,48,3,4.0,50.0,50.0,50.0,49.255583126550874,46.15384615384615,51.61290322580645,0.009661311333043857,-0.08467298830202054,-0.3681318681318681,0.11411290322580646,1.9417109842628104
complete,15,PE,60,validation,spot_momentum,48,3,4.0,50.0,45.83333333333333,58.333333333333336,71.05045492142267,51.61290322580645,100.0,0.2264437689969605,0.19935749734136834,-0.12087912087912088,0.6000000000000001,10.583790468771138
complete,15,PE,60,validation,spot_reversal,48,3,4.0,50.0,54.166666666666664,41.66666666666667,28.949545078577337,0.0,48.38709677419355,-0.2264437689969605,-0.19935749734136834,-0.6000000000000001,0.12087912087912088,-10.583790468771138
complete,15,PE,60,validation,train_majority,48,3,4.0,50.0,0.0,50.0,56.69975186104218,35.48387096774193,84.61538461538461,,,,,-3.7773839336343458
complete,15,PE,60,test,price_baseline,108,2,15.0,46.2962962962963,68.51851851851852,48.148148148148145,43.52720450281426,34.61538461538461,52.4390243902439,-0.02740861413587127,-0.12607960296470433,-0.21777777777777776,-0.034381428151630915,1.073410634809668
complete,15,PE,60,test,ratios_only,108,2,15.0,46.2962962962963,100.0,46.2962962962963,40.99437148217636,30.76923076923077,51.21951219512195,-0.07760799724933147,-0.2964487451602117,-0.39487179487179486,-0.19802569544862858,-2.0153520079046
complete,15,PE,60,test,price_plus_ratios,108,2,15.0,46.2962962962963,72.22222222222221,50.0,46.06003752345216,38.46153846153847,53.65853658536586,0.01818666819095525,-0.12213925537463592,-0.2376068376068376,-0.006671673142434236,2.330637286239948
complete,15,PE,60,test,ratio_compression,108,2,15.0,46.2962962962963,47.22222222222222,43.51851851851852,44.41838649155723,42.68292682926829,46.15384615384615,-0.18883077538655005,-0.19241902360327282,-0.19304317541167382,-0.1917948717948718,-3.1997423914727667
complete,15,PE,60,test,spot_momentum,108,2,15.0,46.2962962962963,39.81481481481482,42.592592592592595,39.868667917448406,34.61538461538461,45.1219512195122,-0.17525508016805277,-0.1595820011335733,-0.17728366038680468,-0.14188034188034188,-4.553286501731402
complete,15,PE,60,test,spot_reversal,108,2,15.0,46.2962962962963,59.25925925925925,56.481481481481474,58.208255159474675,54.87804878048781,61.53846153846154,0.17525508016805277,0.1595820011335733,0.14188034188034188,0.17728366038680468,4.553286501731402
complete,15,PE,60,test,train_majority,108,2,15.0,46.2962962962963,0.0,53.70370370370371,59.00562851782364,48.78048780487805,69.23076923076923,,,,,2.0153520079046
complete,15,BOTH,30,train,insufficient_training,83,6,,,,,,,,,,,,
complete,15,BOTH,60,train,insufficient_training,77,6,,,,,,,,,,,,
complete,30,CE,30,train,price_baseline,589,9,54.0,44.312393887945674,18.505942275042443,57.215619694397276,57.600983954823384,52.5026949720935,62.69097468570417,0.15230127208644814,0.17385352756649727,0.11493483331444518,0.23863933934952578,4.232999860076154
complete,30,CE,30,train,ratios_only,589,9,54.0,44.312393887945674,2.3769100169779285,56.36672325976231,56.42992803753244,52.77973401882542,59.72164133767131,0.08517079944800884,0.06909755890196023,0.0026457532323723907,0.12919775272802794,3.2553109569781618
complete,30,CE,30,train,price_plus_ratios,589,9,54.0,44.312393887945674,20.203735144312393,56.536502546689306,56.904333510358654,52.51816943045973,61.650102442208066,0.16357403550821378,0.17081560224278283,0.10717249227395093,0.2478569910480017,4.278907967416497
complete,30,CE,30,train,ratio_compression,589,9,54.0,44.312393887945674,42.78438030560272,45.840407470288625,46.12630812185687,43.66297101551582,47.94375055243448,-0.09535394511263434,-0.07793405034550814,-0.1270634756034497,-0.022025176466090222,-1.7220234387419222
complete,30,CE,30,train,spot_momentum,589,9,54.0,44.312393887945674,43.63327674023769,48.04753820033956,47.51424401386849,45.23706193941732,49.84400531576604,-0.10081419723073397,-0.1237038603329176,-0.18476303589303955,-0.06447267136495434,-1.1898285791911547
complete,30,CE,30,train,spot_reversal,589,9,54.0,44.312393887945674,55.00848896434635,50.59422750424448,51.0679455649442,48.76382575167562,53.52697122996184,0.10081419723073397,0.1237038603329176,0.06447267136495428,0.18476303589303955,1.1898285791911547
complete,30,CE,30,train,train_majority,589,9,54.0,44.312393887945674,0.0,55.68760611205433,55.8627814842078,52.06878112095069,59.52822041852546,,,,,3.3382202639513476
complete,30,CE,30,validation,price_baseline,56,3,7.0,50.0,25.0,46.42857142857143,45.714285714285715,33.33333333333333,57.14285714285714,-0.08537252221462749,-0.031398486570900365,-0.14285714285714285,0.027972027972027972,-1.1784940817159302
complete,30,CE,30,validation,ratios_only,56,3,7.0,50.0,5.357142857142857,51.78571428571429,51.98412698412699,41.66666666666667,64.28571428571429,-0.12611073137388928,-0.16423657914202963,-0.20439560439560442,-0.12747497219132367,-0.04947550057288704
complete,30,CE,30,validation,price_plus_ratios,56,3,7.0,50.0,28.57142857142857,46.42857142857143,45.714285714285715,33.33333333333333,57.14285714285714,-0.12987012987012989,-0.12260131414747656,-0.3318681318681319,0.055944055944055944,-0.4958959865634146
complete,30,CE,30,validation,ratio_compression,56,3,7.0,50.0,44.642857142857146,55.35714285714286,54.6031746031746,50.0,57.14285714285714,0.17060833902939168,0.17317328574280744,0.12391546162402671,0.23076923076923075,3.737662908250422
complete,30,CE,30,validation,spot_momentum,56,3,7.0,50.0,53.57142857142857,42.857142857142854,44.682539682539684,35.714285714285715,58.333333333333336,-0.0936431989063568,-0.03926381367983147,-0.22637362637362637,0.3076923076923077,-4.776780913160808
complete,30,CE,30,validation,spot_reversal,56,3,7.0,50.0,46.42857142857143,57.14285714285714,55.31746031746031,41.66666666666667,64.28571428571429,0.0936431989063568,0.03926381367983147,-0.3076923076923077,0.22637362637362637,4.776780913160808
complete,30,CE,30,validation,train_majority,56,3,7.0,50.0,0.0,50.0,47.539682539682545,25.0,64.28571428571429,,,,,-1.0532005479333069
complete,30,CE,30,test,price_baseline,100,2,14.0,43.0,42.0,49.0,46.7459932005828,41.37931034482759,52.112676056338024,0.000516051605160516,-0.04789657485140728,-0.1689655172413793,0.07317236753856472,-0.5610842470845421
complete,30,CE,30,test,ratios_only,100,2,14.0,43.0,7.000000000000001,57.99999999999999,55.1238465274405,48.275862068965516,61.97183098591549,0.09717816831699215,0.22563887596561225,0.004972333212012767,0.4463054187192117,5.198955320643693
complete,30,CE,30,test,price_plus_ratios,100,2,14.0,43.0,21.0,52.0,49.878581835842645,44.827586206896555,54.929577464788736,0.07761176117611761,0.07098568422026409,-0.006304493628437289,0.14827586206896548,0.7766749261719051
complete,30,CE,30,test,ratio_compression,100,2,14.0,43.0,43.0,52.0,46.818844099077225,34.48275862068966,59.154929577464785,-0.09053705370537053,-0.2164434885173107,-0.4004926108374383,-0.03239436619718309,-2.0590237402914093
complete,30,CE,30,test,spot_momentum,100,2,14.0,43.0,46.0,49.0,48.785818358426425,48.275862068965516,49.29577464788733,-0.03007500750075007,-0.10056025810032608,-0.15172413793103445,-0.0493963782696177,0.008851283194899402
complete,30,CE,30,test,spot_reversal,100,2,14.0,43.0,54.0,51.0,51.21418164157359,50.70422535211267,51.724137931034484,0.03007500750075007,0.10056025810032608,0.0493963782696177,0.15172413793103445,-0.008851283194899402
complete,30,CE,30,test,train_majority,100,2,14.0,43.0,0.0,56.99999999999999,52.37979601748422,41.37931034482759,63.38028169014085,,,,,4.633221143947729
complete,30,CE,60,train,price_baseline,540,9,54.0,40.370370370370374,21.666666666666668,58.333333333333336,57.475367107327436,53.2792518191069,61.51067018582273,0.180651358734274,0.19985615515895894,0.1285962395023357,0.27030446077899517,6.895217423183011
complete,30,CE,60,train,ratios_only,540,9,54.0,40.370370370370374,0.0,59.62962962962963,59.96190217217797,57.02881739589939,62.80305189711599,-0.026673921683163827,-0.04342190844345652,-0.16279805079706977,0.07336445149975473,7.406697676294486
complete,30,CE,60,train,price_plus_ratios,540,9,54.0,40.370370370370374,21.48148148148148,58.14814814814815,57.13622342619442,52.96220440497513,61.584049755459944,0.1758374419055697,0.1939302789905708,0.11609189630407096,0.274783134985697,6.76007594604916
complete,30,CE,60,train,ratio_compression,540,9,54.0,40.370370370370374,42.77777777777778,51.2962962962963,50.58215320038356,47.31367677201011,53.74971323617396,0.0009501632950273035,-0.019474318401390404,-0.11262128003345688,0.08259347158201447,0.7908578795852224
complete,30,CE,60,train,spot_momentum,540,9,54.0,40.370370370370374,44.44444444444444,48.333333333333336,48.49022672376346,45.871609595865884,51.0765363543777,-0.0528907569205126,-0.09732682598171394,-0.2005438235929227,0.012449932003645168,-0.8945671556538927
complete,30,CE,60,train,spot_reversal,540,9,54.0,40.370370370370374,54.81481481481482,50.92592592592593,50.70379217436171,48.20890732001843,53.38656194264985,0.0528907569205126,0.09732682598171394,-0.012449932003645168,0.20054382359292267,0.8945671556538927
complete,30,CE,60,train,train_majority,540,9,54.0,40.370370370370374,0.0,59.62962962962963,59.96190217217797,57.02881739589939,62.80305189711599,,,,,7.406697676294486
complete,30,CE,60,validation,price_baseline,49,3,7.0,42.857142857142854,10.204081632653061,55.10204081632652,51.025641025641036,30.0,61.53846153846154,-0.21163265306122445,0.07825359825359825,-0.254017094017094,0.3736263736263736,1.6904172453586461
complete,30,CE,60,validation,ratios_only,49,3,7.0,42.857142857142854,0.0,57.14285714285714,51.02564102564102,30.0,69.23076923076921,0.19193877551020405,0.16458282458282456,0.010598290598290596,0.4666666666666666,2.1667044395890858
complete,30,CE,60,validation,price_plus_ratios,49,3,7.0,42.857142857142854,14.285714285714285,55.10204081632652,51.025641025641036,30.0,61.53846153846154,-0.07683673469387756,0.2861138861138861,-0.26153846153846155,0.6363636363636362,1.2196492452976957
complete,30,CE,60,validation,ratio_compression,49,3,7.0,42.857142857142854,42.857142857142854,51.02040816326531,49.48717948717949,30.76923076923077,60.0,0.18295918367346936,0.16693898693898693,-0.07142857142857142,0.5151515151515151,3.5819419089479876
complete,30,CE,60,validation,spot_momentum,49,3,7.0,42.857142857142854,53.06122448979592,40.816326530612244,39.74358974358975,23.076923076923077,50.0,-0.07224489795918368,-0.12833832833832834,-0.5164835164835164,0.18787878787878787,-3.6880961286003995
complete,30,CE,60,validation,spot_reversal,49,3,7.0,42.857142857142854,46.93877551020408,59.183673469387756,60.256410256410255,50.0,76.92307692307693,0.07224489795918368,0.12833832833832834,-0.18787878787878787,0.5164835164835164,3.6880961286003995
complete,30,CE,60,validation,train_majority,49,3,7.0,42.857142857142854,0.0,57.14285714285714,51.02564102564102,30.0,69.23076923076921,,,,,2.1667044395890858
complete,30,CE,60,test,price_baseline,93,2,14.0,33.33333333333333,3.225806451612903,67.74193548387096,57.57575757575758,33.33333333333333,81.81818181818183,0.05389275163379188,-0.14599935719338705,-0.3925518925518926,0.10055317816511848,7.4028307643103135
complete,30,CE,60,test,ratios_only,93,2,14.0,33.33333333333333,0.0,66.66666666666666,57.91245791245792,37.03703703703704,78.78787878787878,0.06647428834153471,0.09482243401505805,-0.1217104433251952,0.3113553113553113,8.21686498883102
complete,30,CE,60,test,price_plus_ratios,93,2,14.0,33.33333333333333,2.1505376344086025,66.66666666666666,57.91245791245792,37.03703703703704,78.78787878787878,0.22929784249947777,-0.005628368314935461,-0.11477411477411475,0.10351737814424383,7.522686586680157
complete,30,CE,60,test,ratio_compression,93,2,14.0,33.33333333333333,38.70967741935484,53.76344086021505,55.387205387205384,51.515151515151516,59.25925925925925,-0.07012622720897614,-0.08884167242376198,-0.16547333263751177,-0.012210012210012208,-1.1598510266879283
complete,30,CE,60,test,spot_momentum,93,2,14.0,33.33333333333333,45.16129032258064,55.91397849462365,59.09090909090908,51.515151515151516,66.66666666666666,0.018725194712184055,-0.01936653727698505,-0.11687715269804824,0.07814407814407814,2.7529272738130013
complete,30,CE,60,test,spot_reversal,93,2,14.0,33.33333333333333,54.83870967741935,44.086021505376344,40.90909090909091,33.33333333333333,48.484848484848484,-0.018725194712184055,0.01936653727698505,-0.07814407814407814,0.11687715269804824,-2.7529272738130013
complete,30,CE,60,test,train_majority,93,2,14.0,33.33333333333333,0.0,66.66666666666666,57.91245791245792,37.03703703703704,78.78787878787878,,,,,8.21686498883102
complete,30,PE,30,train,price_baseline,323,9,37.0,43.343653250774,34.36532507739938,52.63157894736842,53.408828423132725,47.698569494717994,59.06971737324225,0.11575756669308965,0.10287689640844404,-0.007811988728620368,0.21647109705148185,3.871380297020896
complete,30,PE,30,train,ratios_only,323,9,37.0,43.343653250774,3.7151702786377707,57.89473684210527,58.999897311756236,54.479346332489975,63.10219865185355,0.033214964093951846,0.028768594074646034,-0.08284325571036837,0.1296231833715073,2.922153864539081
complete,30,PE,30,train,price_plus_ratios,323,9,37.0,43.343653250774,36.53250773993808,55.417956656346746,55.75305136956925,49.567448317400064,61.7521919764573,0.13297380991552482,0.11393771067929952,-0.007297722958709269,0.23538745146518533,4.814159012868695
complete,30,PE,30,train,ratio_compression,323,9,37.0,43.343653250774,52.94117647058824,53.25077399380805,53.11717740007656,47.15561418931616,59.68531878747978,0.048132906862210945,0.023794605047142717,-0.09282995861025012,0.1484518137692366,1.7913006445638018
complete,30,PE,30,train,spot_momentum,323,9,37.0,43.343653250774,46.749226006191954,47.987616099071204,49.65021001320707,43.01837061211156,55.013262746329616,-0.0252083057537552,-0.03613484299521313,-0.1892235634527305,0.12145467965925372,-1.1767789382847962
complete,30,PE,30,train,spot_reversal,323,9,37.0,43.343653250774,52.63157894736842,51.39318885448917,49.2131034281115,42.721821694065085,56.328541766610215,0.0252083057537552,0.03613484299521313,-0.12145467965925372,0.18922356345273045,1.1767789382847962
complete,30,PE,30,train,train_majority,323,9,37.0,43.343653250774,0.0,56.656346749226,57.85421791754606,52.347516921575256,62.37687219087636,,,,,1.965768735806104
complete,30,PE,30,validation,price_baseline,19,3,3.0,63.1578947368421,52.63157894736842,47.368421052631575,44.44444444444444,33.33333333333333,50.0,-0.10701754385964912,0.0730769230769231,-0.3538461538461538,0.5,-4.281430770444068
complete,30,PE,30,validation,ratios_only,19,3,3.0,63.1578947368421,21.052631578947366,36.84210526315789,25.396825396825395,0.0,42.857142857142854,0.03514943916881019,-0.04977985684034622,-0.5,0.40044028631930756,-2.9684013944241068
complete,30,PE,30,validation,price_plus_ratios,19,3,3.0,63.1578947368421,57.89473684210527,52.63157894736842,46.82539682539682,33.33333333333333,57.14285714285714,-0.11228070175438597,-0.3587912087912088,-0.5,-0.2175824175824176,0.8493068576380305
complete,30,PE,30,validation,ratio_compression,19,3,3.0,63.1578947368421,63.1578947368421,47.368421052631575,38.888888888888886,0.0,66.66666666666666,-0.031578947368421054,-0.09065934065934064,-0.5,0.3186813186813187,2.536400268476553
complete,30,PE,30,validation,spot_momentum,19,3,3.0,63.1578947368421,63.1578947368421,36.84210526315789,34.12698412698412,0.0,66.66666666666666,-0.22280701754385965,-0.25769230769230766,-0.5,-0.015384615384615385,-1.0751555774516517
complete,30,PE,30,validation,spot_reversal,19,3,3.0,63.1578947368421,36.84210526315789,63.1578947368421,65.87301587301587,33.33333333333333,100.0,0.22280701754385965,0.25769230769230766,0.015384615384615385,0.5,1.0751555774516517
complete,30,PE,30,validation,train_majority,19,3,3.0,63.1578947368421,0.0,36.84210526315789,48.41269841269841,28.57142857142857,66.66666666666666,,,,,-6.68619621569961
complete,30,PE,30,test,price_baseline,48,2,10.0,37.5,60.416666666666664,56.25,57.912087912087905,54.285714285714285,61.53846153846154,0.16771602257924448,0.17374488256841197,0.15518207282913166,0.19230769230769232,4.494632833490936
complete,30,PE,30,test,ratios_only,48,2,10.0,37.5,22.916666666666664,56.25,65.16483516483517,45.714285714285715,84.61538461538461,-0.12296733047290036,-0.16559353314852307,-0.1883299234399033,-0.14285714285714285,3.043329030021287
complete,30,PE,30,test,price_plus_ratios,48,2,10.0,37.5,66.66666666666666,50.0,48.79120879120879,46.15384615384615,51.42857142857142,0.12462006079027356,0.0881060116354234,0.0773109243697479,0.09890109890109891,2.984766102402092
complete,30,PE,30,test,ratio_compression,48,2,10.0,37.5,52.083333333333336,47.91666666666667,52.197802197802204,42.857142857142854,61.53846153846154,-0.12755102040816327,-0.19389140271493213,-0.2087912087912088,-0.17899159663865546,-1.1142862582087103
complete,30,PE,30,test,spot_momentum,48,2,10.0,37.5,41.66666666666667,39.58333333333333,46.48351648351648,31.428571428571427,61.53846153846154,-0.19409465914025184,-0.27758026287438053,-0.32967032967032966,-0.22549019607843138,-4.467040196138121
complete,30,PE,30,test,spot_reversal,48,2,10.0,37.5,56.25,58.333333333333336,49.67032967032967,30.76923076923077,68.57142857142857,0.19409465914025184,0.27758026287438053,0.22549019607843138,0.32967032967032966,4.467040196138121
complete,30,PE,30,test,train_majority,48,2,10.0,37.5,0.0,62.5,69.45054945054945,54.285714285714285,84.61538461538461,,,,,5.0633217476927355
complete,30,PE,60,train,price_baseline,295,9,37.0,45.42372881355932,36.610169491525426,53.898305084745765,53.64385982919566,50.72082911178657,56.4766281512605,0.15598128394738567,0.15754361648743834,0.032356174439176745,0.2685697514023444,5.86829093414748
complete,30,PE,60,train,ratios_only,295,9,37.0,45.42372881355932,5.762711864406779,52.88135593220339,54.21759788520322,48.605727253112,59.25381463030085,0.0844204287303561,0.13179303910655743,0.02715537657701849,0.23334814742771764,2.2497661176936856
complete,30,PE,60,train,price_plus_ratios,295,9,37.0,45.42372881355932,36.94915254237288,54.23728813559322,53.84227252760836,50.778875379939215,56.72765504941141,0.15758084268980158,0.15270499692577633,0.02988201157067846,0.26332708441834835,5.9293579582597875
complete,30,PE,60,train,ratio_compression,295,9,37.0,45.42372881355932,53.22033898305085,51.52542372881356,51.46664611829402,47.83044733044733,55.37993233685767,0.004865051838417457,-0.023058928364392186,-0.10774295849869256,0.055820156808569305,1.9159160084215492
complete,30,PE,60,train,spot_momentum,295,9,37.0,45.42372881355932,46.440677966101696,45.42372881355932,47.72467382970093,40.14974466038295,56.402443553178806,-0.0674343489113465,-0.0670327493862395,-0.2055545289777827,0.08408454909336659,-0.4760083567828281
complete,30,PE,60,train,spot_reversal,295,9,37.0,45.42372881355932,53.22033898305085,54.23728813559322,51.770275665248555,43.327840105165926,59.133855867011896,0.0674343489113465,0.0670327493862395,-0.0840845490933666,0.20555452897778267,0.4760083567828281
complete,30,PE,60,train,train_majority,295,9,37.0,45.42372881355932,0.0,54.57627118644067,55.56511561569968,51.28338355544238,59.41855400283905,,,,,3.2519122164103393
complete,30,PE,60,validation,price_baseline,16,3,3.0,50.0,75.0,62.5,44.44444444444444,0.0,66.66666666666666,0.09411764705882353,0.229020979020979,-0.04195804195804196,0.5,16.959672420200704
complete,30,PE,60,validation,ratios_only,16,3,3.0,50.0,37.5,50.0,38.888888888888886,0.0,66.66666666666666,0.07079676820129574,0.31830133066298877,0.1366026613259775,0.5,2.3955839646624275
complete,30,PE,60,validation,price_plus_ratios,16,3,3.0,50.0,81.25,56.25,33.33333333333333,0.0,66.66666666666666,0.09705882352941177,0.229020979020979,-0.04195804195804196,0.5,14.221446790409003
complete,30,PE,60,validation,ratio_compression,16,3,3.0,50.0,56.25,56.25,63.88888888888889,33.33333333333333,100.0,0.07352941176470588,-0.3671328671328671,-1.0,0.2657342657342658,11.726214514701864
complete,30,PE,60,validation,spot_momentum,16,3,3.0,50.0,56.25,43.75,58.333333333333336,33.33333333333333,100.0,0.03529411764705882,-0.4825174825174825,-1.0,0.034965034965034975,8.194911506493945
complete,30,PE,60,validation,spot_reversal,16,3,3.0,50.0,43.75,56.25,41.66666666666667,0.0,66.66666666666666,-0.03529411764705882,0.4825174825174825,-0.034965034965034975,1.0,-8.194911506493945
complete,30,PE,60,validation,train_majority,16,3,3.0,50.0,0.0,50.0,77.77777777777777,33.33333333333333,100.0,,,,,-13.821054128611085
complete,30,PE,60,test,price_baseline,45,2,10.0,40.0,73.33333333333333,48.888888888888886,43.50961538461539,30.76923076923077,56.25,0.14281949934123844,-0.04367205375269895,-0.3626373626373627,0.2752932551319648,1.956721819809178
complete,30,PE,60,test,ratios_only,45,2,10.0,40.0,55.55555555555556,48.888888888888886,45.793269230769226,38.46153846153847,53.125,0.05715444243881321,0.00625086103578399,-0.03296703296703297,0.04546875503860095,-4.6771648337022125
complete,30,PE,60,test,price_plus_ratios,45,2,10.0,40.0,68.88888888888889,44.44444444444444,40.38461538461539,30.76923076923077,50.0,0.14743083003952567,-0.04147264026296288,-0.3626373626373627,0.2796920821114369,1.2408989057013873
complete,30,PE,60,test,ratio_compression,45,2,10.0,40.0,51.11111111111111,44.44444444444444,47.23557692307692,40.625,53.84615384615385,-0.05915678524374176,-0.08884865134865134,-0.12087912087912088,-0.056818181818181816,-2.2173465251714566
complete,30,PE,60,test,spot_momentum,45,2,10.0,40.0,42.22222222222222,37.77777777777778,37.980769230769226,37.5,38.46153846153847,-0.12081686429512514,-0.2326363152976056,-0.3681318681318681,-0.0971407624633431,-6.222211300493568
complete,30,PE,60,test,spot_reversal,45,2,10.0,40.0,55.55555555555556,60.0,58.17307692307692,53.84615384615385,62.5,0.12081686429512514,0.2326363152976056,0.0971407624633431,0.3681318681318681,6.222211300493568
complete,30,PE,60,test,train_majority,45,2,10.0,40.0,0.0,60.0,62.74038461538461,56.25,69.23076923076923,,,,,8.738838039689508
complete,30,BOTH,30,train,insufficient_training,40,5,,,,,,,,,,,,
complete,30,BOTH,60,train,insufficient_training,37,5,,,,,,,,,,,,
80pct,5,CE,30,train,price_baseline,3862,9,68.0,44.71776281719316,26.67011910926981,56.16261004660797,55.977523806473016,53.84629324487463,58.555821332040544,0.14858904486240243,0.1529588379326995,0.10688361371867906,0.2047223356755135,4.248465320036948
80pct,5,CE,30,train,ratios_only,3862,9,68.0,44.71776281719316,0.0,55.28223718280684,55.83774811581157,53.4148161391911,58.29316875821251,-0.01097825895452975,-0.0031132457586226076,-0.030986672012594255,0.025720200074248113,2.9845177113928
80pct,5,CE,30,train,price_plus_ratios,3862,9,68.0,44.71776281719316,26.56654583117556,56.214396685655096,56.0431112075647,53.908833123782514,58.69048107652367,0.14865247610782692,0.15287004301038806,0.10653350076486044,0.2048077806171697,4.226442419962191
80pct,5,CE,30,train,ratio_compression,3862,9,68.0,44.71776281719316,48.265147591921284,49.870533402382186,49.75286783894104,48.499214241254684,50.80561195180938,-0.005576879549157556,-0.013706604248429656,-0.03130905481247046,0.003681018892573251,-0.006827054526912736
80pct,5,CE,30,train,spot_momentum,3862,9,68.0,44.71776281719316,46.841015018125326,47.72138788192646,47.24174090615756,45.50884928524833,49.24821234238858,-0.06219699497133125,-0.08317873724925413,-0.12764962286930767,-0.024811476986922168,-0.7857005336948147
80pct,5,CE,30,train,spot_reversal,3862,9,68.0,44.71776281719316,51.96789228379078,51.08751941998965,51.58117998539458,49.5362089820843,53.273294900777465,0.06219699497133125,0.08317873724925413,0.024811476986922168,0.1276496228693076,0.7857005336948147
80pct,5,CE,30,train,train_majority,3862,9,68.0,44.71776281719316,0.0,55.28223718280684,55.83774811581157,53.4148161391911,58.29316875821251,,,,,2.9845177113928
80pct,5,CE,30,validation,price_baseline,354,3,7.0,48.30508474576271,22.033898305084744,52.824858757062145,51.58244402594685,45.83333333333333,57.06214689265536,0.03012760386199658,0.07334457347784724,0.0390574955419747,0.10473412913727616,-1.3465338915057743
80pct,5,CE,30,validation,ratios_only,354,3,7.0,48.30508474576271,0.0,51.69491525423729,50.764847945874315,46.875,54.80225988700565,-0.04101650281967408,-0.04182875129841505,-0.10639114724480576,0.021771568095496473,0.09921442612119898
80pct,5,CE,30,validation,price_plus_ratios,354,3,7.0,48.30508474576271,22.316384180790962,52.54237288135594,51.23522180372463,44.79166666666667,57.06214689265536,0.030136530519362395,0.073426890009907,0.03829140769723516,0.1059278350515464,-1.3508075053591144
80pct,5,CE,30,validation,ratio_compression,354,3,7.0,48.30508474576271,49.152542372881356,51.69491525423729,53.31092627467392,46.89265536723164,56.79012345679012,0.05110795371933913,0.05026487146757654,0.02767227346717309,0.09489611562782295,0.3943603703014735
80pct,5,CE,30,validation,spot_momentum,354,3,7.0,48.30508474576271,51.41242937853108,41.52542372881356,40.19080874659971,29.629629629629626,46.875,-0.13481174117912662,-0.1605177328756394,-0.3906278229448961,0.08844305630495887,-1.7277472449451343
80pct,5,CE,30,validation,spot_reversal,354,3,7.0,48.30508474576271,48.30508474576271,58.19209039548022,59.397668619655434,53.125,69.1358024691358,0.13481174117912662,0.1605177328756394,-0.08844305630495887,0.3906278229448961,1.7277472449451343
80pct,5,CE,30,validation,train_majority,354,3,7.0,48.30508474576271,0.0,51.69491525423729,50.764847945874315,46.875,54.80225988700565,,,,,0.09921442612119898
80pct,5,CE,30,test,price_baseline,695,3,22.0,38.99280575539568,22.302158273381295,54.82014388489208,54.865479348237976,44.505494505494504,62.06896551724138,-0.1010928998129491,-0.024452428978536573,-0.2675631586962082,0.29158079301116613,-1.3202358350607348
80pct,5,CE,30,test,ratios_only,695,3,22.0,38.99280575539568,0.0,61.007194244604314,56.99886320575976,49.45054945054945,66.37362637362637,0.04847071409847541,0.05281958683203746,-0.0298107985644336,0.16617681747651858,3.852753229962869
80pct,5,CE,30,test,price_plus_ratios,695,3,22.0,38.99280575539568,22.302158273381295,54.82014388489208,54.865479348237976,44.505494505494504,62.06896551724138,-0.10177314663816826,-0.027670346627012284,-0.2688490750260517,0.2841982220308223,-1.3202358350607348
80pct,5,CE,30,test,ratio_compression,695,3,22.0,38.99280575539568,46.47482014388489,47.482014388489205,45.78501957812303,42.857142857142854,49.67032967032967,-0.04218338214184777,-0.050968524893732214,-0.11592655148492483,-0.007720938816943,-0.7450278627463043
80pct,5,CE,30,test,spot_momentum,695,3,22.0,38.99280575539568,46.043165467625904,51.36690647482014,50.476190476190474,48.9010989010989,52.52747252747253,0.051612503562202934,-0.06800052702371556,-0.23879541050170724,0.05285139906860297,0.27513015895884474
80pct,5,CE,30,test,spot_reversal,695,3,22.0,38.99280575539568,53.81294964028777,48.489208633093526,49.45054945054945,47.25274725274725,51.098901098901095,-0.051612503562202934,0.06800052702371556,-0.05285139906860297,0.23879541050170724,-0.27513015895884474
80pct,5,CE,30,test,train_majority,695,3,22.0,38.99280575539568,0.0,61.007194244604314,56.99886320575976,49.45054945054945,66.37362637362637,,,,,3.852753229962869
80pct,5,CE,60,train,price_baseline,3535,9,68.0,41.78217821782178,20.594059405940595,60.198019801980195,59.90627152958338,55.93129155035164,63.63694662138437,0.18096674673166532,0.20362422968236132,0.14159558489233173,0.2710420795056329,8.16034509900864
80pct,5,CE,60,train,ratios_only,3535,9,68.0,41.78217821782178,0.0,58.21782178217821,58.506984171583554,54.89520230497542,62.112296198795335,-0.028281984567702447,-0.03780797695425312,-0.09682066442356105,0.0189822746082916,6.229129772892518
80pct,5,CE,60,train,price_plus_ratios,3535,9,68.0,41.78217821782178,18.359264497878357,59.830268741159834,59.62377916531602,55.85462246465283,63.28319529442127,0.1852047036936605,0.21259375217666995,0.14892520084403896,0.28161243316210455,7.933463659677936
80pct,5,CE,60,train,ratio_compression,3535,9,68.0,41.78217821782178,47.86421499292786,49.504950495049506,48.98860781638506,47.167127014699176,50.885998122002775,-0.01815577785384354,-0.023946786882850842,-0.050071778454566444,-0.0005412439396693758,-0.2662116934469376
80pct,5,CE,60,train,spot_momentum,3535,9,68.0,41.78217821782178,46.67609618104668,46.95898161244696,46.85346193167721,43.98798610045645,49.716412897575516,-0.06843305437883133,-0.10205955843674232,-0.16104021253176465,-0.028736320226849677,-0.961614611412738
80pct,5,CE,60,train,spot_reversal,3535,9,68.0,41.78217821782178,52.220650636492216,51.937765205091935,52.06039418411375,49.18950517414055,54.965373456128,0.06843305437883133,0.10205955843674232,0.028736320226849653,0.16104021253176462,0.961614611412738
80pct,5,CE,60,train,train_majority,3535,9,68.0,41.78217821782178,0.0,58.21782178217821,58.506984171583554,54.89520230497542,62.112296198795335,,,,,6.229129772892518
80pct,5,CE,60,validation,price_baseline,323,3,7.0,41.17647058823529,10.526315789473683,53.25077399380805,54.116377195564716,50.63291139240506,58.22784810126582,-0.10482089438232263,0.05317298307114837,-0.2806948420802873,0.33081749139110334,-2.0009255344180463
80pct,5,CE,60,validation,ratios_only,323,3,7.0,41.17647058823529,0.0,58.82352941176471,57.104307722500245,52.32558139534884,64.55696202531645,0.03938146007628185,-0.0663756516879944,-0.2433787731256086,0.07977236148348492,3.539020820469155
80pct,5,CE,60,validation,price_plus_ratios,323,3,7.0,41.17647058823529,11.455108359133128,52.32198142414861,53.06152487488961,50.0,55.69620253164557,-0.08911862797065055,0.054731866934878415,-0.2714380900517016,0.32713807255059196,-2.6575883367878634
80pct,5,CE,60,validation,ratio_compression,323,3,7.0,41.17647058823529,48.297213622291025,50.464396284829725,52.04101658325973,45.56962025316456,58.22784810126582,0.04899130623363442,0.04735323249145066,-0.00381831513422352,0.0837147030185005,-0.2619805864553232
80pct,5,CE,60,validation,spot_momentum,323,3,7.0,41.17647058823529,51.39318885448917,47.05882352941176,45.11333529584928,31.645569620253166,52.53164556962025,-0.06376966422423239,-0.09828160192187213,-0.35370009737098346,0.14365839737127317,-1.2405862960146297
80pct,5,CE,60,validation,spot_reversal,323,3,7.0,41.17647058823529,48.297213622291025,52.63157894736842,54.46472377588067,47.46835443037975,67.08860759493672,0.06376966422423239,0.09828160192187213,-0.14365839737127317,0.35370009737098346,1.2405862960146297
80pct,5,CE,60,validation,train_majority,323,3,7.0,41.17647058823529,0.0,58.82352941176471,57.104307722500245,52.32558139534884,64.55696202531645,,,,,3.539020820469155
80pct,5,CE,60,test,price_baseline,630,3,21.0,37.46031746031746,19.047619047619047,60.63492063492063,56.106121455519045,44.84848484848485,67.46987951807229,-0.025852589482165005,-0.008491689099131401,-0.32605743999782877,0.3137650364658642,1.9799515326075152
80pct,5,CE,60,test,ratios_only,630,3,21.0,37.46031746031746,0.0,62.53968253968254,53.38590726542534,38.18181818181819,73.97590361445782,0.055746915254729704,0.09801625995947631,-0.06786091665153174,0.39207009328014336,6.528054161374816
80pct,5,CE,60,test,price_plus_ratios,630,3,21.0,37.46031746031746,9.365079365079366,59.84126984126984,57.68479980528173,43.03030303030304,66.02409638554217,0.05072414490298288,-0.003978484970311123,-0.26818066156917103,0.3111719369909397,2.484365576786175
80pct,5,CE,60,test,ratio_compression,630,3,21.0,37.46031746031746,45.23809523809524,51.90476190476191,47.84958013873677,40.00000000000001,54.45783132530121,0.006325730931153205,-0.035393457445365956,-0.05940118612002968,0.008089549170324666,-0.2861818914654303
80pct,5,CE,60,test,spot_momentum,630,3,21.0,37.46031746031746,44.12698412698413,51.42857142857142,49.61105026165267,46.0,52.53012048192771,-0.020777866869256298,-0.09724347327687333,-0.2034142476996328,-0.0006878961664149255,-0.6014346121328867
80pct,5,CE,60,test,spot_reversal,630,3,21.0,37.46031746031746,55.55555555555556,48.25396825396825,50.22830716806621,46.98795180722892,54.0,0.020777866869256298,0.09724347327687333,0.0006878961664149255,0.2034142476996328,0.6014346121328867
80pct,5,CE,60,test,train_majority,630,3,21.0,37.46031746031746,0.0,62.53968253968254,53.38590726542534,38.18181818181819,73.97590361445782,,,,,6.528054161374816
80pct,5,PE,30,train,price_baseline,2311,9,52.0,49.63219385547382,56.77196019039377,54.95456512332324,54.94028418303623,52.41885275615111,57.459809153004315,0.15355633026525434,0.180460238821831,0.1401794361605287,0.218297863168569,4.504630682045756
80pct,5,PE,30,train,ratios_only,2311,9,52.0,49.63219385547382,100.0,49.63219385547382,49.309999829590645,46.49650621411479,52.27603337700035,0.004623499159681971,0.015950683072445564,-0.038262016449200784,0.0690144824055556,2.096838923226653
80pct,5,PE,30,train,price_plus_ratios,2311,9,52.0,49.63219385547382,56.9883167459974,54.39203807875379,54.94552469513866,52.44084159693156,57.28591694637405,0.14952026594229367,0.17636814239124693,0.13728508734614572,0.2109030339172241,4.18268190822393
80pct,5,PE,30,train,ratio_compression,2311,9,52.0,49.63219385547382,50.80051925573345,51.06014712245781,51.28405880145637,49.15703785007644,53.48226712472872,0.01445661412630301,0.00782967511993225,-0.019839666973193917,0.04213614588455807,0.12874086740515636
80pct,5,PE,30,train,spot_momentum,2311,9,52.0,49.63219385547382,48.723496321938555,47.55517092167892,47.65847204401973,45.70076062806842,49.515748433422935,-0.014529092488080268,-0.026354398411325173,-0.07173905044582853,0.02617943035935145,0.015317271350817676
80pct,5,PE,30,train,spot_reversal,2311,9,52.0,49.63219385547382,50.237992211164,51.406317611423624,51.1904894441193,49.364649608269964,53.186139912724116,0.014529092488080268,0.026354398411325173,-0.02617943035935146,0.07173905044582843,-0.015317271350817676
80pct,5,PE,30,train,train_majority,2311,9,52.0,49.63219385547382,0.0,50.367806144526185,50.690000170409355,47.72396662299964,53.503493785885205,,,,,-2.096838923226653
80pct,5,PE,30,validation,price_baseline,160,3,6.0,47.5,95.625,50.625,44.16214995483288,20.833333333333336,56.09756097560976,0.17722091968020082,0.24972581234271038,0.2012070025769748,0.3069565217391304,3.2356054074202043
80pct,5,PE,30,validation,ratios_only,160,3,6.0,47.5,100.0,47.5,41.286510087323094,20.833333333333336,54.87804878048781,0.1810016927106448,0.11839738417749718,-0.03586811511339812,0.3545385285154549,2.243098372497844
80pct,5,PE,30,validation,price_plus_ratios,160,3,6.0,47.5,93.75,52.5,46.01400180668474,20.833333333333336,61.111111111111114,0.1969297118025489,0.24136423281028585,0.22431865828092237,0.25281751841080474,3.503673033955608
80pct,5,PE,30,validation,ratio_compression,160,3,6.0,47.5,47.5,50.0,47.26362541403192,37.5,52.4390243902439,0.03662108623952571,-0.017674452165287412,-0.248695652173913,0.12725224612592576,1.9672183295124586
80pct,5,PE,30,validation,spot_momentum,160,3,6.0,47.5,45.625,52.5,52.11532670882265,37.03703703703704,60.97560975609756,0.06401919609046657,-0.0481207617120637,-0.3446922050695635,0.3029386155855463,2.4858543840190834
80pct,5,PE,30,validation,spot_reversal,160,3,6.0,47.5,53.125,46.25,47.07166516109605,36.585365853658544,62.96296296296296,-0.06401919609046657,0.0481207617120637,-0.3029386155855463,0.3446922050695635,-2.4858543840190834
80pct,5,PE,30,validation,train_majority,160,3,6.0,47.5,0.0,52.5,58.7134899126769,45.1219512195122,79.16666666666666,,,,,-2.243098372497844
80pct,5,PE,30,test,price_baseline,372,2,16.0,42.204301075268816,68.27956989247312,49.73118279569893,47.54867800778848,43.529411764705884,51.56794425087108,0.13400688866587032,0.05146840231556485,-0.041235098690639044,0.14417190332176874,0.24533472740873147
80pct,5,PE,30,test,ratios_only,372,2,16.0,42.204301075268816,100.0,42.204301075268816,40.18651362984218,36.470588235294116,43.90243902439025,-0.04664783844190416,-0.08198568224786791,-0.09813168382424126,-0.06583968067149457,-2.9485289993599624
80pct,5,PE,30,test,price_plus_ratios,372,2,16.0,42.204301075268816,75.53763440860214,46.774193548387096,45.218282434925186,42.35294117647059,48.08362369337979,0.13490586638030252,0.036451875977214256,-0.07819034590580419,0.1510940978602327,-1.2404996952342215
80pct,5,PE,30,test,ratio_compression,372,2,16.0,42.204301075268816,48.655913978494624,44.086021505376344,45.96023775363805,42.508710801393725,49.411764705882355,-0.09838496957747773,-0.082436936242548,-0.0964157915783147,-0.06845808090678131,-1.8992278328353063
80pct,5,PE,30,test,spot_momentum,372,2,16.0,42.204301075268816,40.32258064516129,44.086021505376344,45.54621848739496,42.857142857142854,48.23529411764706,-0.1400403310802223,-0.17312785085167384,-0.21902588932198735,-0.12722981238136033,-0.8554922144334618
80pct,5,PE,30,test,spot_reversal,372,2,16.0,42.204301075268816,58.333333333333336,54.56989247311827,52.75466284074606,49.411764705882355,56.09756097560976,0.1400403310802223,0.17312785085167384,0.12722981238136033,0.21902588932198735,0.8554922144334618
80pct,5,PE,30,test,train_majority,372,2,16.0,42.204301075268816,0.0,57.795698924731184,59.81348637015782,56.09756097560976,63.52941176470588,,,,,2.9485289993599624
80pct,5,PE,60,train,price_baseline,2124,9,50.0,48.54048964218456,51.74199623352166,54.99058380414312,55.38058318707662,52.83037388591352,57.58413060432702,0.1559425167923534,0.19710264762162716,0.1605217592231601,0.23926436199558973,6.328349494207522
80pct,5,PE,60,train,ratios_only,2124,9,50.0,48.54048964218456,87.3352165725047,49.90583804143126,48.87598068492933,45.35629921720659,52.583081791974095,0.0340302503932175,0.018135182674080843,-0.018729266790316407,0.052037511674432886,1.2221390512771815
80pct,5,PE,60,train,price_plus_ratios,2124,9,50.0,48.54048964218456,52.54237288135594,55.037664783427495,55.70127618498106,53.110258743650405,58.01877192792384,0.1604037507837729,0.19725620659051615,0.1578854395581017,0.24071532145469676,6.485367709353479
80pct,5,PE,60,train,ratio_compression,2124,9,50.0,48.54048964218456,50.04708097928437,50.1412429378531,49.78414080021972,47.820021103877934,51.67684265317539,0.03269825072062336,0.013853020858897887,-0.028391639418936982,0.05520034570879333,0.6544521365632546
80pct,5,PE,60,train,spot_momentum,2124,9,50.0,48.54048964218456,47.45762711864407,47.64595103578154,47.48368608926371,45.07147532396083,50.122835528466794,-0.07564336328441916,-0.08105245514000758,-0.13924819191309948,-0.015354510038670943,-2.4131179129418827
80pct,5,PE,60,train,spot_reversal,2124,9,50.0,48.54048964218456,51.50659133709981,51.31826741996234,51.43220747388747,48.8052493478545,53.807162357821944,0.07564336328441916,0.08105245514000758,0.015354510038670943,0.13924819191309942,2.4131179129418827
80pct,5,PE,60,train,train_majority,2124,9,50.0,48.54048964218456,0.0,51.45951035781544,52.07258841644149,48.11503789118629,55.533729001898514,,,,,-1.270850273345688
80pct,5,PE,60,validation,price_baseline,142,3,6.0,47.183098591549296,95.77464788732394,51.40845070422535,47.61539655156676,27.659574468085108,67.56756756756758,0.06356371302449787,0.08953765100955191,-0.007792207792207792,0.24064062916592097,5.0537075390854795
80pct,5,PE,60,validation,ratios_only,142,3,6.0,47.183098591549296,88.02816901408451,47.88732394366197,43.86575024872897,34.04255319148936,59.45945945945946,0.04082269893126716,0.019316026582673493,-0.10129802554029156,0.09560974165194841,2.7095542635554555
80pct,5,PE,60,validation,price_plus_ratios,142,3,6.0,47.183098591549296,95.07042253521126,52.112676056338024,48.324616409722786,29.78723404255319,67.56756756756758,0.05338119681765246,0.09319173959063687,-0.02077922077922078,0.2664855021205501,5.4751393068695045
80pct,5,PE,60,validation,ratio_compression,142,3,6.0,47.183098591549296,46.478873239436616,50.0,51.57589200142392,48.64864864864866,57.14285714285714,0.035128528334091316,0.013053772059168542,-0.0886935908554836,0.07850425768233986,2.716521363677866
80pct,5,PE,60,validation,spot_momentum,142,3,6.0,47.183098591549296,45.774647887323944,55.633802816901415,54.301413875881956,51.06382978723404,59.45945945945946,0.17402292587858087,0.04577643623988548,-0.2487352202479077,0.3003502432532784,9.115000844356018
80pct,5,PE,60,validation,spot_reversal,142,3,6.0,47.183098591549296,52.816901408450704,42.95774647887324,44.79768522321714,37.83783783783783,48.93617021276596,-0.17402292587858087,-0.04577643623988548,-0.3003502432532784,0.2487352202479077,-9.115000844356018
80pct,5,PE,60,validation,train_majority,142,3,6.0,47.183098591549296,0.0,52.816901408450704,55.6048449665471,37.83783783783783,76.59574468085107,,,,,-3.383808832266693
80pct,5,PE,60,test,price_baseline,336,2,16.0,39.88095238095239,77.38095238095238,44.047619047619044,42.716742716742715,40.25974025974026,45.173745173745175,0.10800650857726794,-0.009939333120086713,-0.1206301634586458,0.10075149721847237,-3.43378943063045
80pct,5,PE,60,test,ratios_only,336,2,16.0,39.88095238095239,69.64285714285714,43.452380952380956,40.96174096174096,36.36363636363637,45.559845559845556,-0.03418841578327985,-0.027024251656591614,-0.027446598751232336,-0.026601904561950895,-4.480735360240034
80pct,5,PE,60,test,price_plus_ratios,336,2,16.0,39.88095238095239,78.86904761904762,44.94047619047619,41.47069147069147,35.064935064935064,47.87644787644788,0.08248516043434274,-0.02594254642411741,-0.13650912580560495,0.08462403295737013,-3.777829516377532
80pct,5,PE,60,test,ratio_compression,336,2,16.0,39.88095238095239,49.404761904761905,47.023809523809526,48.2976482976483,45.94594594594595,50.649350649350644,-0.0404252118633014,-0.019610560287382468,-0.04018069363050005,0.0009595730557351142,-2.10179677009454
80pct,5,PE,60,test,spot_momentum,336,2,16.0,39.88095238095239,38.69047619047619,45.535714285714285,45.05089505089505,44.15584415584416,45.94594594594595,-0.07899721437901594,-0.049917846258463676,-0.08201117723595462,-0.017824515280972727,-0.6931997227731708
80pct,5,PE,60,test,spot_reversal,336,2,16.0,39.88095238095239,59.82142857142857,52.976190476190474,53.07125307125307,52.8957528957529,53.246753246753244,0.07899721437901594,0.049917846258463676,0.017824515280972727,0.08201117723595462,0.6931997227731708
80pct,5,PE,60,test,train_majority,336,2,16.0,39.88095238095239,0.0,60.11904761904761,63.18006318006317,57.52895752895753,68.83116883116884,,,,,7.6587530752000275
80pct,5,BOTH,30,train,price_baseline,250,6,6.0,46.400000000000006,44.0,60.0,64.51374362660309,57.449492088667334,71.8219909348504,0.35003888062208993,0.48662796620246196,0.35339921967612814,0.6311662789658565,8.636453653178133
80pct,5,BOTH,30,train,ratios_only,250,6,6.0,46.400000000000006,46.800000000000004,53.2,51.944227774395976,43.353639487660104,58.46726373042163,0.1330708011328181,0.1894343763232468,0.07924419083657715,0.33316883716622325,5.233255584851513
80pct,5,BOTH,30,train,price_plus_ratios,250,6,6.0,46.400000000000006,48.0,60.8,66.14009009017148,58.83929358156163,73.71999345683557,0.3807455479287668,0.46114176723796213,0.3458305547369885,0.6055525623924644,9.189117783610207
80pct,5,BOTH,30,train,ratio_compression,250,6,6.0,46.400000000000006,50.8,46.800000000000004,45.18350793717045,39.18935589038682,50.24741340530814,-0.0828996303940863,-0.25046188881267256,-0.5643478232855151,-0.05537754770832361,-0.7803779542219227
80pct,5,BOTH,30,train,spot_momentum,250,6,6.0,46.400000000000006,48.0,45.6,46.87649361550609,37.30364709746152,56.56111363165074,-0.14106852418154614,-0.29722117291739186,-0.5091602157846881,-0.07202391902425827,-2.90631730046262
80pct,5,BOTH,30,train,spot_reversal,250,6,6.0,46.400000000000006,51.2,53.6,52.26880552979305,42.683971692381895,61.84914500703974,0.14106852418154614,0.29722117291739186,0.07202391902425678,0.5091602157846872,2.90631730046262
80pct,5,BOTH,30,train,train_majority,250,6,6.0,46.400000000000006,0.0,53.6,53.317532530771814,47.16947006691987,60.024420024420024,,,,,-1.8180840948107233
80pct,5,BOTH,60,train,price_baseline,230,6,6.0,45.21739130434783,41.30434782608695,66.52173913043478,63.253931103829686,49.90562316880776,73.65510306686778,0.568225584933388,0.4809516881646208,0.07328730786966035,0.7218281951701601,11.610557172960359
80pct,5,BOTH,60,train,ratios_only,230,6,6.0,45.21739130434783,36.52173913043478,55.65217391304348,57.29930050416866,49.38590820943762,65.20160554643313,0.2221797568294625,0.2862218616220416,0.045457699723404306,0.6078076195811392,5.572401969656721
80pct,5,BOTH,60,train,price_plus_ratios,230,6,6.0,45.21739130434783,42.173913043478265,70.86956521739131,66.99965574204926,52.368268704475604,77.43474887744665,0.6122635670765535,0.6201699678797884,0.5346639470946621,0.7316194832766721,14.215586458981141
80pct,5,BOTH,60,train,ratio_compression,230,6,6.0,45.21739130434783,49.56521739130435,49.56521739130435,49.55911041103738,40.82573200220259,58.89550264550262,-0.025785150865841957,-0.13402308924617995,-0.2989751647034679,0.00857319409737052,0.5972708344349299
80pct,5,BOTH,60,train,spot_momentum,230,6,6.0,45.21739130434783,46.95652173913044,50.43478260869565,43.41472515914707,35.4369506423259,52.735736204296046,-0.023843145841455565,-0.04751372809404494,-0.350710088411162,0.2566423347155844,-0.23662651000814808
80pct,5,BOTH,60,train,spot_reversal,230,6,6.0,45.21739130434783,52.17391304347826,48.69565217391305,55.73057398615207,45.687488080997205,64.41020852785559,0.023843145841455565,0.04751372809404494,-0.2566423347155844,0.350710088411162,0.23662651000814808
80pct,5,BOTH,60,train,train_majority,230,6,6.0,45.21739130434783,0.0,54.78260869565217,49.288492290520686,40.66293183940243,57.09166631580425,,,,,0.4758579571832771
80pct,15,CE,30,train,price_baseline,1373,9,63.0,46.613255644573925,32.48361252731245,53.241077931536786,52.94112969566568,50.54743261315087,55.31883473345802,0.12366162324851313,0.12551291276786286,0.06465756173600168,0.1947529495312104,3.648036766025591
80pct,15,CE,30,train,ratios_only,1373,9,63.0,46.613255644573925,0.0,53.386744355426075,53.988374709206695,50.448169022746434,57.9247037718694,-0.020439360950524656,-0.022350471859626755,-0.07283334550919782,0.028133580380558538,2.046888010183284
80pct,15,CE,30,train,price_plus_ratios,1373,9,63.0,46.613255644573925,32.99344501092498,54.62490895848507,54.75225125229798,52.19183806854231,57.47739405001041,0.12378504108213183,0.12513026781391623,0.06517397910745017,0.19531473052444256,4.43252668099657
80pct,15,CE,30,train,ratio_compression,1373,9,63.0,46.613255644573925,48.2884195193008,50.10924981791697,50.018766925840886,47.64665658785197,52.37772617482196,-0.002414411226991226,-0.010190817064828562,-0.06392771717273872,0.05780086095465583,-0.12985373509148787
80pct,15,CE,30,train,spot_momentum,1373,9,63.0,46.613255644573925,47.26875455207575,49.089584850691914,49.12547487815404,46.71491528573907,51.22919411239465,-0.06634793494034479,-0.08645581302729731,-0.14711201410771674,-0.012680684981690518,-0.7077099536515088
80pct,15,CE,30,train,spot_reversal,1373,9,63.0,46.613255644573925,51.49308084486526,49.67225054624909,49.608350819758826,47.30230243705092,52.22383157951342,0.06634793494034479,0.08645581302729731,0.012680684981690494,0.1471120141077167,0.7077099536515088
80pct,15,CE,30,train,train_majority,1373,9,63.0,46.613255644573925,0.0,53.386744355426075,53.988374709206695,50.448169022746434,57.9247037718694,,,,,2.046888010183284
80pct,15,CE,30,validation,price_baseline,120,3,7.0,52.5,22.5,51.66666666666667,51.47251391302158,48.38709677419355,53.57142857142857,0.012035558024862836,0.045173246919722986,-0.060285563194077206,0.14435483870967744,-2.39094438594654
80pct,15,CE,30,validation,ratios_only,120,3,7.0,52.5,0.0,47.5,45.75054770718441,41.935483870967744,52.459016393442624,0.046294881588999234,-0.020256493249937686,-0.17324167107350608,0.25040322580645163,-2.9490784033044757
80pct,15,CE,30,validation,price_plus_ratios,120,3,7.0,52.5,24.166666666666668,51.66666666666667,52.11654201606608,48.38709677419355,57.14285714285714,0.018661018126258765,0.04568762059712842,-0.06657852987837122,0.14233870967741935,-2.9035176181873936
80pct,15,CE,30,validation,ratio_compression,120,3,7.0,52.5,55.833333333333336,51.66666666666667,53.05897610233941,47.54098360655738,58.06451612903226,0.011723036321966801,7.926039582344575e-05,-0.18828680897646413,0.2612903225806452,0.46878596392320826
80pct,15,CE,30,validation,spot_momentum,120,3,7.0,52.5,46.666666666666664,49.166666666666664,51.18921709350054,42.62295081967213,64.51612903225806,-0.041537606778248484,-0.0259398133796372,-0.2529878371232152,0.3399193548387098,-0.4815710737839931
80pct,15,CE,30,validation,spot_reversal,120,3,7.0,52.5,53.333333333333336,50.83333333333333,48.810782906499455,35.48387096774193,57.377049180327866,0.041537606778248484,0.0259398133796372,-0.3399193548387098,0.2529878371232152,0.4815710737839931
80pct,15,CE,30,validation,train_majority,120,3,7.0,52.5,0.0,47.5,45.75054770718441,41.935483870967744,52.459016393442624,,,,,-2.9490784033044757
80pct,15,CE,30,test,price_baseline,241,3,20.0,43.983402489626556,19.502074688796682,48.96265560165975,46.606425702811244,31.666666666666664,54.81927710843374,-0.11204176811494805,-0.04936579922035239,-0.3810502917477077,0.2964285714285714,-4.797614960306523
80pct,15,CE,30,test,ratios_only,241,3,20.0,43.983402489626556,0.0,56.016597510373444,50.48192771084338,43.333333333333336,61.44578313253012,-0.0514455494316786,-0.1530117165859959,-0.457142857142857,0.09658238399555434,1.1416996045286032
80pct,15,CE,30,test,price_plus_ratios,241,3,20.0,43.983402489626556,13.692946058091287,48.13278008298755,44.53815261044177,33.33333333333333,53.6144578313253,-0.10347896162683037,-0.08324355034994026,-0.3892747985551543,0.2214285714285714,-4.391352402729352
80pct,15,CE,30,test,ratio_compression,241,3,20.0,43.983402489626556,46.058091286307054,49.37759336099585,47.269076305220885,43.333333333333336,51.80722891566265,-0.07442131614142176,-0.20471537677938437,-0.425,-0.05944343514504399,-2.413697184190968
80pct,15,CE,30,test,spot_momentum,241,3,20.0,43.983402489626556,45.643153526970956,53.52697095435685,50.09370816599733,40.00000000000001,56.666666666666664,0.09067333081855905,-0.0842037933072602,-0.3535714285714285,0.09084612811616637,2.730826284636323
80pct,15,CE,30,test,spot_reversal,241,3,20.0,43.983402489626556,54.356846473029044,46.47302904564315,49.90629183400267,43.333333333333336,60.0,-0.09067333081855905,0.0842037933072602,-0.09084612811616637,0.3535714285714285,-2.730826284636323
80pct,15,CE,30,test,train_majority,241,3,20.0,43.983402489626556,0.0,56.016597510373444,50.48192771084338,43.333333333333336,61.44578313253012,,,,,1.1416996045286032
80pct,15,CE,60,train,price_baseline,1265,9,63.0,43.715415019762844,25.691699604743086,57.78656126482213,57.192702416067355,53.8219575497376,60.944396838404366,0.15782906447789719,0.15690088348517603,0.0702340665316963,0.25537223000095727,7.222325876994087
80pct,15,CE,60,train,ratios_only,1265,9,63.0,43.715415019762844,1.8181818181818181,55.88932806324111,55.503117613077315,51.37966290034392,59.166619465161816,-0.004678870663676859,-0.011254765680003394,-0.07212749230777185,0.057879021537723466,4.7152401870787015
80pct,15,CE,60,train,price_plus_ratios,1265,9,63.0,43.715415019762844,26.71936758893281,58.498023715415016,57.311645340493065,53.087530400409634,61.39862609597584,0.16628616114184575,0.1650903702957939,0.07758799113005828,0.26105732721545677,7.196537955270365
80pct,15,CE,60,train,ratio_compression,1265,9,63.0,43.715415019762844,47.58893280632411,51.77865612648221,51.536207036160896,48.39898534263077,54.610816551488696,0.01571233695053693,0.0065845231615223624,-0.05632012772216881,0.08366141115051628,1.1048013837214155
80pct,15,CE,60,train,spot_momentum,1265,9,63.0,43.715415019762844,47.11462450592885,46.87747035573123,46.90638162723613,43.69078810563527,50.19888575593116,-0.07784836591656441,-0.10879868156302905,-0.1887684273386656,-0.012389513184403738,-0.7299626903600349
80pct,15,CE,60,train,spot_reversal,1265,9,63.0,43.715415019762844,51.93675889328063,52.17391304347826,52.161905705405,48.811756209369726,55.36238457945295,0.07784836591656441,0.10879868156302905,0.012389513184403582,0.1887684273386656,0.7299626903600349
80pct,15,CE,60,train,train_majority,1265,9,63.0,43.715415019762844,0.0,56.28458498023715,55.991177834026,51.83955395891577,59.54612326251365,,,,,5.388540868512052
80pct,15,CE,60,validation,price_baseline,111,3,7.0,46.846846846846844,9.00900900900901,47.74774774774775,47.12643678160919,41.37931034482759,50.0,-0.06588276588276587,0.13774686481257722,-0.34926624737945494,0.42807881773399004,-4.6093349707262545
80pct,15,CE,60,validation,ratios_only,111,3,7.0,46.846846846846844,3.6036036036036037,54.95495495495496,52.55579882016663,46.42857142857142,62.96296296296296,0.08634608634608634,0.06712660577332015,-0.10485991995425954,0.2586206896551724,1.0293570122630546
80pct,15,CE,60,validation,price_plus_ratios,111,3,7.0,46.846846846846844,18.91891891891892,46.846846846846844,47.61448640758985,44.44444444444444,53.57142857142857,-0.012276237276237275,0.17451714530439322,-0.33211358871736224,0.5009852216748768,-1.9140197706974678
80pct,15,CE,60,validation,ratio_compression,111,3,7.0,46.846846846846844,53.153153153153156,52.25225225225225,53.446755458249704,48.148148148148145,58.620689655172406,0.020024570024570025,0.05476986927865261,-0.12102153611587572,0.20541871921182261,1.3142692904487456
80pct,15,CE,60,validation,spot_momentum,111,3,7.0,46.846846846846844,46.846846846846844,51.35135135135135,51.10989478805571,42.857142857142854,58.620689655172406,-0.024613899613899613,-0.03981109856191184,-0.23125595578425762,0.2596059113300492,-2.2715015506137504
80pct,15,CE,60,validation,spot_reversal,111,3,7.0,46.846846846846844,53.153153153153156,48.64864864864865,48.89010521194429,41.37931034482759,57.14285714285714,0.024613899613899613,0.03981109856191184,-0.2596059113300492,0.23125595578425762,2.2715015506137504
80pct,15,CE,60,validation,train_majority,111,3,7.0,46.846846846846844,0.0,53.153153153153156,50.256948245454005,41.37931034482759,62.96296296296296,,,,,-0.9674016909256732
80pct,15,CE,60,test,price_baseline,222,3,19.0,39.189189189189186,10.81081081081081,58.108108108108105,52.54044201412622,36.84210526315789,66.23376623376623,-0.06919934564355563,-0.26510133383301715,-0.3673839771843402,-0.09155638795107486,-1.3983468145096065
80pct,15,CE,60,test,ratios_only,222,3,19.0,39.189189189189186,0.45045045045045046,60.36036036036037,45.18113465481887,27.27272727272727,71.42857142857143,-0.05001910773051355,-0.11860145047361158,-0.38181818181818183,0.15206118745138708,3.005541065764801
80pct,15,CE,60,test,price_plus_ratios,222,3,19.0,39.189189189189186,9.00900900900901,55.4054054054054,40.7230196703881,18.18181818181818,63.63636363636363,-0.010946705486404775,-0.24723641248762043,-0.44545454545454555,-0.11496094038788536,-0.3382430524011369
80pct,15,CE,60,test,ratio_compression,222,3,19.0,39.189189189189186,42.792792792792795,48.64864864864865,45.314042682463736,36.36363636363636,50.877192982456144,-0.06811898845663024,-0.15810753081749063,-0.38181818181818183,0.0070002592688618095,-1.0207738105531265
80pct,15,CE,60,test,spot_momentum,222,3,19.0,39.189189189189186,44.5945945945946,54.054054054054056,51.83033340928077,45.45454545454545,56.14035087719298,0.04027319326712627,-0.13945205138877506,-0.4636363636363637,0.05425200933367904,1.843835730257531
80pct,15,CE,60,test,spot_reversal,222,3,19.0,39.189189189189186,55.4054054054054,45.94594594594595,48.169666590719224,43.859649122807014,54.54545454545454,-0.04027319326712627,0.13945205138877506,-0.05425200933367904,0.4636363636363637,-1.843835730257531
80pct,15,CE,60,test,train_majority,222,3,19.0,39.189189189189186,0.0,60.810810810810814,45.39758487126908,27.27272727272727,72.07792207792207,,,,,3.9589484608899874
80pct,15,PE,30,train,price_baseline,827,9,47.0,48.972188633615474,57.557436517533255,54.65538089480049,55.15760089839513,50.23433066825261,59.70348415682021,0.1498679582145495,0.1755826563513429,0.09170747300788806,0.2513584658889212,4.3014604437312745
80pct,15,PE,30,train,ratios_only,827,9,47.0,48.972188633615474,98.18621523579202,49.09310761789601,48.696206870177456,44.31202133354339,52.72080700469076,0.0033608302526553645,0.0214677574661248,-0.07031682610732828,0.11240897425380211,2.6264923471158665
80pct,15,PE,30,train,price_plus_ratios,827,9,47.0,48.972188633615474,57.79927448609432,53.92986698911729,55.225049536471225,51.63185330685569,58.59628547916981,0.14809454766051736,0.174418841596094,0.10059857075180141,0.25209940119854396,4.139076863200795
80pct,15,PE,30,train,ratio_compression,827,9,47.0,48.972188633615474,50.90689238210398,49.09310761789601,48.371080244190765,44.759229634580436,51.62800162800162,-0.004673756175281206,-0.023243841334878407,-0.11102828158090434,0.05921496553482285,-0.7746944439432517
80pct,15,PE,30,train,spot_momentum,827,9,47.0,48.972188633615474,45.94921402660218,50.42321644498187,51.29408437795342,48.80670337572839,54.06158841645831,0.013603768414884459,0.021603399673484777,-0.06283468500661776,0.11279309497835047,0.2302186204793597
80pct,15,PE,30,train,spot_reversal,827,9,47.0,48.972188633615474,53.5671100362757,49.09310761789601,48.021537709027356,45.42608281659844,50.39756741146005,-0.013603768414884459,-0.021603399673484777,-0.11279309497835056,0.06283468500661776,-0.2302186204793597
80pct,15,PE,30,train,train_majority,827,9,47.0,48.972188633615474,0.0,51.027811366384526,51.267691207155806,47.461329781183494,55.06876580295792,,,,,-2.6568446857391272
80pct,15,PE,30,validation,price_baseline,54,3,5.0,48.148148148148145,83.33333333333334,46.2962962962963,50.7070707070707,40.00000000000001,66.66666666666666,0.2387268915570802,0.23372167048637635,0.20000000000000004,0.2785714285714285,2.157764189380786
80pct,15,PE,30,validation,ratios_only,54,3,5.0,48.148148148148145,100.0,48.148148148148145,42.62626262626263,33.33333333333333,54.54545454545454,-0.09723651610444062,0.23465749936338168,-0.34959893048128343,0.6,0.711910391117337
80pct,15,PE,30,validation,price_plus_ratios,54,3,5.0,48.148148148148145,87.03703703703704,50.0,53.939393939393945,46.666666666666664,66.66666666666666,0.2352201257861635,0.34976445123503946,0.14572192513368984,0.5892857142857142,3.7404883682895727
80pct,15,PE,30,validation,ratio_compression,54,3,5.0,48.148148148148145,48.148148148148145,44.44444444444444,38.18181818181818,26.666666666666668,54.54545454545454,0.14160472651038689,-0.20340272472625412,-0.6,0.40407754010695185,1.6212851423652392
80pct,15,PE,30,validation,spot_momentum,54,3,5.0,48.148148148148145,48.148148148148145,48.148148148148145,48.38383838383839,46.666666666666664,50.0,-0.014751286449399657,-0.16964285714285712,-0.4857142857142856,0.0625,2.0756764504076477
80pct,15,PE,30,validation,spot_reversal,54,3,5.0,48.148148148148145,51.85185185185185,51.85185185185185,51.61616161616161,50.0,53.333333333333336,0.014751286449399657,0.16964285714285712,-0.0625,0.4857142857142856,-2.0756764504076477
80pct,15,PE,30,validation,train_majority,54,3,5.0,48.148148148148145,0.0,51.85185185185185,57.37373737373738,45.45454545454545,66.66666666666666,,,,,-0.711910391117337
80pct,15,PE,30,test,price_baseline,121,2,15.0,52.892561983471076,59.50413223140496,57.02479338842975,58.75187406296851,55.434782608695656,62.06896551724138,0.15551415797317433,0.07524206702037142,0.014778325123152707,0.13570580891759013,5.849109539509512
80pct,15,PE,30,test,ratios_only,121,2,15.0,52.892561983471076,100.0,52.892561983471076,48.950524737631184,41.37931034482759,56.52173913043478,0.2129811736664528,0.24884423124055927,0.1912845215944191,0.3064039408866994,1.7205212984334681
80pct,15,PE,30,test,price_plus_ratios,121,2,15.0,52.892561983471076,61.98347107438017,57.85123966942148,58.11469265367316,57.608695652173914,58.620689655172406,0.2742243598428396,0.21092975313123302,0.1881773399014778,0.23368216636098824,6.26183533842623
80pct,15,PE,30,test,ratio_compression,121,2,15.0,52.892561983471076,47.93388429752066,40.49586776859504,41.97901049475262,39.130434782608695,44.827586206896555,-0.20661834439777801,-0.25094538870231664,-0.30935960591132994,-0.19253117149330332,-4.4677195389498925
80pct,15,PE,30,test,spot_momentum,121,2,15.0,52.892561983471076,39.66942148760331,41.32231404958678,41.34182908545727,41.30434782608695,41.37931034482759,-0.21952987400081284,-0.23553951489338631,-0.2375814928409599,-0.23349753694581274,-3.4356498534749687
80pct,15,PE,30,test,spot_reversal,121,2,15.0,52.892561983471076,59.50413223140496,57.85123966942148,56.93403298350825,55.172413793103445,58.69565217391305,0.21952987400081284,0.23553951489338631,0.23349753694581274,0.2375814928409599,3.4356498534749687
80pct,15,PE,30,test,train_majority,121,2,15.0,52.892561983471076,0.0,47.107438016528924,51.049475262368816,43.47826086956522,58.620689655172406,,,,,-1.7205212984334681
80pct,15,PE,60,train,price_baseline,758,9,46.0,49.340369393139845,57.519788918205805,53.562005277044854,54.75456759398747,51.320794365693686,57.76804472668415,0.12777762122118136,0.16446077318476426,0.08384173908339003,0.2406992454432701,6.425747604164348
80pct,15,PE,60,train,ratios_only,758,9,46.0,49.340369393139845,96.17414248021107,50.0,49.80711874663889,46.59991844335035,52.852671098025425,0.02869520077219362,0.03725212195724378,-0.050071296682102584,0.12689649845464643,2.6084289522149904
80pct,15,PE,60,train,price_plus_ratios,758,9,46.0,49.340369393139845,56.464379947229546,52.5065963060686,53.54396242554632,49.84256620527322,56.63300268362625,0.13129535724628305,0.1695024415521356,0.1078857650711768,0.22477026029009453,4.97084782987076
80pct,15,PE,60,train,ratio_compression,758,9,46.0,49.340369393139845,50.131926121372025,48.54881266490765,48.895356339507096,45.37257805715743,52.666795123326736,-0.030124020997663082,-0.04037093745942926,-0.12166855940301056,0.04223092967699667,-1.7917440598420191
80pct,15,PE,60,train,spot_momentum,758,9,46.0,49.340369393139845,44.59102902374671,48.284960422163586,48.82035325672478,43.95776757382006,52.86403837035129,-0.055365244574959144,-0.05797457567988381,-0.14471376084481166,0.03351234897903621,-1.6559400470316308
80pct,15,PE,60,train,spot_reversal,758,9,46.0,49.340369393139845,55.145118733509236,51.45118733509235,50.89215645578492,46.974896324023454,55.38232728145871,0.055365244574959144,0.05797457567988381,-0.03351234897903628,0.14471376084481158,1.6559400470316308
80pct,15,PE,60,train,train_majority,758,9,46.0,49.340369393139845,0.0,50.65963060686016,51.22321846100161,47.50790529247168,54.6295673199658,,,,,-2.3811497294265207
80pct,15,PE,60,validation,price_baseline,50,3,5.0,48.0,82.0,54.0,56.62058371735791,28.57142857142857,80.00000000000001,0.07082833133253301,0.08139548623419589,-0.2703296703296703,0.49999999999999994,4.573823625430818
80pct,15,PE,60,validation,ratios_only,50,3,5.0,48.0,98.0,46.0,38.525345622119815,14.285714285714285,61.29032258064516,-0.008595438175270108,0.026831501831501847,-0.19999999999999998,0.3054945054945055,2.1114948318493365
80pct,15,PE,60,validation,price_plus_ratios,50,3,5.0,48.0,88.0,52.0,55.545314900153606,28.57142857142857,80.00000000000001,0.09378151260504201,0.16149119697506795,-0.221978021978022,0.6999999999999998,4.07753099022079
80pct,15,PE,60,validation,ratio_compression,50,3,5.0,48.0,48.0,52.0,53.87096774193548,50.0,60.0,0.045570228091236495,-0.00445320808224033,-0.3274725274725274,0.19999999999999998,2.495228732963817
80pct,15,PE,60,validation,spot_momentum,50,3,5.0,48.0,46.0,57.99999999999999,69.58525345622121,51.61290322580645,100.0,0.1991356542617047,0.1557677537516247,-0.15164835164835166,0.49999999999999994,9.894764051544723
80pct,15,PE,60,validation,spot_reversal,50,3,5.0,48.0,54.0,42.0,30.414746543778804,0.0,48.38709677419355,-0.1991356542617047,-0.1557677537516247,-0.49999999999999994,0.15164835164835166,-9.894764051544723
80pct,15,PE,60,validation,train_majority,50,3,5.0,48.0,0.0,52.0,60.39938556067588,35.48387096774193,85.71428571428571,,,,,-2.995102388217453
80pct,15,PE,60,test,price_baseline,109,2,15.0,45.87155963302752,66.05504587155964,48.62385321100918,45.13438368860056,38.46153846153847,51.80722891566265,-0.005226577703641925,-0.09080422108338651,-0.16649572649572647,-0.015112715671046556,1.308494217548106
80pct,15,PE,60,test,ratios_only,109,2,15.0,45.87155963302752,75.22935779816514,54.12844036697248,50.06950880444856,42.30769230769231,57.831325301204814,0.19368151224696786,0.18958282594908965,0.18153846153846154,0.19762719035971774,0.874720429323918
80pct,15,PE,60,test,price_plus_ratios,109,2,15.0,45.87155963302752,71.55963302752293,54.12844036697248,48.748841519925854,38.46153846153847,59.036144578313255,0.06803817996478548,-0.08531375569283298,-0.21025641025641023,0.03962889887074429,5.596319739663202
80pct,15,PE,60,test,ratio_compression,109,2,15.0,45.87155963302752,46.788990825688074,44.03669724770643,44.76367006487488,43.373493975903614,46.15384615384615,-0.18661847836159765,-0.19134892827810843,-0.1917948717948718,-0.19090298476134504,-2.9181487688495533
80pct,15,PE,60,test,spot_momentum,109,2,15.0,45.87155963302752,40.36697247706422,42.201834862385326,39.596848934198334,34.61538461538461,44.57831325301205,-0.1864516726902048,-0.16822827807253313,-0.19457621426472438,-0.14188034188034188,-4.763751418912374
80pct,15,PE,60,test,spot_reversal,109,2,15.0,45.87155963302752,58.71559633027523,56.88073394495413,58.480074142724746,55.42168674698795,61.53846153846154,0.1864516726902048,0.16822827807253313,0.14188034188034188,0.19457621426472438,4.763751418912374
80pct,15,PE,60,test,train_majority,109,2,15.0,45.87155963302752,0.0,54.12844036697248,59.3141797961075,49.39759036144578,69.23076923076923,,,,,2.2491007277812316
80pct,15,BOTH,30,train,insufficient_training,85,6,,,,,,,,,,,,
80pct,15,BOTH,60,train,insufficient_training,79,6,,,,,,,,,,,,
80pct,30,CE,30,train,price_baseline,608,9,58.0,45.06578947368421,21.052631578947366,57.56578947368421,58.77769977858802,53.88544495808735,64.67482357356681,0.1360891915863569,0.16350562576730618,0.10653538432879582,0.23389361354880625,4.2336740780070405
80pct,30,CE,30,train,ratios_only,608,9,58.0,45.06578947368421,3.125,55.42763157894737,55.7925500363446,52.05853318634727,59.27836923797622,0.07895818124279191,0.07202293709075859,0.011483397356195857,0.12363659953336636,2.9201479624033437
80pct,30,CE,30,train,price_plus_ratios,608,9,58.0,45.06578947368421,22.203947368421055,56.74342105263158,56.98195653520922,53.57512422581746,60.84651492173987,0.14530225945795108,0.15574401699171697,0.08878730715811896,0.24577832606001374,4.59715272990582
80pct,30,CE,30,train,ratio_compression,608,9,58.0,45.06578947368421,43.42105263157895,46.381578947368425,46.544672118462074,44.29608780469568,48.323019194232565,-0.08867862803256243,-0.07936011156180643,-0.12524310430996285,-0.025442682786907634,-1.5900378048243304
80pct,30,CE,30,train,spot_momentum,608,9,58.0,45.06578947368421,44.07894736842105,48.026315789473685,47.54751609602306,45.57609018464529,49.639005249405464,-0.09051707711993562,-0.11632524644668621,-0.18448098689829304,-0.05739138592936697,-1.136212447105551
80pct,30,CE,30,train,spot_reversal,608,9,58.0,45.06578947368421,54.60526315789473,50.6578947368421,51.06400899747702,49.020305072987156,53.05910359514859,0.09051707711993562,0.11632524644668621,0.057391385929366955,0.18448098689829295,1.136212447105551
80pct,30,CE,30,train,train_majority,608,9,58.0,45.06578947368421,0.0,54.93421052631579,55.295193983880694,51.924246454981585,58.63650520170246,,,,,2.957207311593696
80pct,30,CE,30,validation,price_baseline,57,3,7.0,49.122807017543856,26.31578947368421,45.614035087719294,46.31257631257631,38.46153846153847,57.14285714285714,-0.10033704952035262,-0.05815660053702321,-0.10989010989010989,0.021134593993325918,-1.9086609990823873
80pct,30,CE,30,validation,ratios_only,57,3,7.0,49.122807017543856,5.263157894736842,52.63157894736842,53.47985347985348,46.15384615384615,64.28571428571429,-0.13955146486906925,-0.1816768326223276,-0.24175824175824176,-0.12525027808676306,0.29570133039740154
80pct,30,CE,30,validation,price_plus_ratios,57,3,7.0,49.122807017543856,31.57894736842105,43.859649122807014,42.47863247863248,30.76923076923077,50.0,-0.15420015556131708,-0.14084717655351695,-0.21318681318681318,-0.08298109010011123,-0.8578727627158543
80pct,30,CE,30,validation,ratio_compression,57,3,7.0,49.122807017543856,43.859649122807014,56.14035087719298,55.885225885225886,53.84615384615385,57.14285714285714,0.1884884625356495,0.19515130772082942,0.12391546162402671,0.2967032967032967,4.016398714504511
80pct,30,CE,30,validation,spot_momentum,57,3,7.0,49.122807017543856,54.385964912280706,42.10526315789473,43.18681318681318,35.714285714285715,53.84615384615385,-0.09443868291418202,-0.0356008100168278,-0.22637362637362637,0.3186813186813187,-5.0372865789778745
80pct,30,CE,30,validation,spot_reversal,57,3,7.0,49.122807017543856,45.614035087719294,57.89473684210527,56.813186813186825,46.15384615384615,64.28571428571429,0.09443868291418202,0.0356008100168278,-0.3186813186813187,0.22637362637362637,5.0372865789778745
80pct,30,CE,30,validation,train_majority,57,3,7.0,49.122807017543856,0.0,50.877192982456144,49.462759462759465,30.76923076923077,64.28571428571429,,,,,-0.6904145056058179
80pct,30,CE,30,test,price_baseline,107,3,14.0,43.925233644859816,42.05607476635514,47.66355140186916,47.812899106002554,44.827586206896555,50.0,-0.028027586747389255,0.01785622674270576,-0.14926108374384234,0.20000000000000004,-2.478478369937229
80pct,30,CE,30,test,ratios_only,107,3,14.0,43.925233644859816,4.672897196261682,57.009345794392516,53.12899106002554,48.275862068965516,61.111111111111114,0.1213030500323469,0.43636447621343416,0.024364364600893435,0.8285714285714287,3.8531604888501185
80pct,30,CE,30,test,price_plus_ratios,107,3,14.0,43.925233644859816,24.299065420560748,50.467289719626166,49.88825031928481,48.275862068965516,51.388888888888886,0.08624777131213385,0.33778899714351823,-0.03244581645121873,0.8285714285714287,0.34100826547900204
80pct,30,CE,30,test,ratio_compression,107,3,14.0,43.925233644859816,42.99065420560748,50.467289719626166,42.04980842911878,33.33333333333333,58.333333333333336,-0.1266776386684692,-0.4334623180219194,-0.8285714285714287,-0.07132291465689114,-2.7919034650938217
80pct,30,CE,30,test,spot_momentum,107,3,14.0,43.925233644859816,46.728971962616825,48.598130841121495,43.86973180076628,33.33333333333333,50.0,-0.011099355394894102,-0.14318118863815338,-0.2571428571428572,-0.02067657084056853,0.5539368745051622
80pct,30,CE,30,test,spot_reversal,107,3,14.0,43.925233644859816,53.271028037383175,51.4018691588785,56.13026819923371,50.0,66.66666666666666,0.011099355394894102,0.14318118863815338,0.02067657084056853,0.2571428571428572,-0.5539368745051622
80pct,30,CE,30,test,train_majority,107,3,14.0,43.925233644859816,0.0,56.074766355140184,51.29310344827586,41.37931034482759,62.5,,,,,3.903973258065554
80pct,30,CE,60,train,price_baseline,560,9,58.0,41.25,20.17857142857143,57.85714285714286,56.8424558753501,51.123211600872246,61.87522594116754,0.15360863486718482,0.16959956118734454,0.08539636831111044,0.25611953897580536,6.269072617661314
80pct,30,CE,60,train,ratios_only,560,9,58.0,41.25,0.0,58.75,59.11792310683748,55.72521958359427,62.48940101829679,-0.026351213765714452,-0.05005940580368562,-0.16970042983463404,0.06459990849525897,6.906031577058944
80pct,30,CE,60,train,price_plus_ratios,560,9,58.0,41.25,18.392857142857146,57.14285714285714,56.01641176807166,51.766133929359206,60.689247776895584,0.15047811285841384,0.1581156013419698,0.06712453550243608,0.2547768461062772,5.849541154632736
80pct,30,CE,60,train,ratio_compression,560,9,58.0,41.25,43.57142857142857,51.24999999999999,50.22022347664855,46.65636166463237,53.62515903047378,-0.002609428874818752,-0.02955537674094371,-0.12778065463128485,0.07589985063120254,0.6548720552570733
80pct,30,CE,60,train,spot_momentum,560,9,58.0,41.25,45.0,48.57142857142857,48.484786317371565,45.72981041265355,51.25960023166495,-0.04056313736932371,-0.08794007075232495,-0.19733881057662042,0.0263255077796295,-0.6403506815341715
80pct,30,CE,60,train,spot_reversal,560,9,58.0,41.25,54.285714285714285,50.71428571428571,50.72445573763953,48.027867790610294,53.55903641736974,0.04056313736932371,0.08794007075232495,-0.026325507779629522,0.19733881057662042,0.6403506815341715
80pct,30,CE,60,train,train_majority,560,9,58.0,41.25,0.0,58.75,59.11792310683748,55.72521958359427,62.48940101829679,,,,,6.906031577058944
80pct,30,CE,60,validation,price_baseline,50,3,7.0,42.0,6.0,56.00000000000001,51.864801864801855,36.36363636363636,65.38461538461539,-0.1992316926770708,0.05374995374995378,-0.2752136752136752,0.26373626373626374,1.4425282092552778
80pct,30,CE,60,validation,ratios_only,50,3,7.0,42.0,0.0,57.99999999999999,53.14685314685315,36.36363636363636,69.23076923076921,0.19942376950780313,0.17585451585451584,0.016483516483516484,0.4909090909090909,2.4554959546620343
80pct,30,CE,60,validation,price_plus_ratios,50,3,7.0,42.0,6.0,60.0,56.993006993006986,36.36363636363636,69.23076923076921,-0.09205282112845137,0.1671809671809672,-0.2547008547008547,0.4835164835164835,2.4489223688614943
80pct,30,CE,60,validation,ratio_compression,50,3,7.0,42.0,42.0,52.0,50.6993006993007,30.76923076923077,63.63636363636363,0.19635054021608642,0.17400969400969402,-0.07142857142857142,0.5363636363636364,3.842428674633758
80pct,30,CE,60,validation,spot_momentum,50,3,7.0,42.0,54.0,40.0,38.22843822843823,23.076923076923077,46.15384615384615,-0.07620648259303721,-0.14247974247974246,-0.5164835164835164,0.14545454545454548,-3.9464598098931214
80pct,30,CE,60,validation,spot_reversal,50,3,7.0,42.0,46.0,60.0,61.771561771561764,53.84615384615385,76.92307692307693,0.07620648259303721,0.14247974247974246,-0.14545454545454548,0.5164835164835164,3.9464598098931214
80pct,30,CE,60,validation,train_majority,50,3,7.0,42.0,0.0,57.99999999999999,53.14685314685315,36.36363636363636,69.23076923076921,,,,,2.4554959546620343
80pct,30,CE,60,test,price_baseline,99,3,14.0,34.34343434343434,6.0606060606060606,65.65656565656566,58.21632577851483,37.03703703703704,77.61194029850746,0.08124922696351267,-0.023482883974543317,-0.3522588522588522,0.19999999999999998,7.383339819360347
80pct,30,CE,60,test,ratios_only,99,3,14.0,34.34343434343434,0.0,65.65656565656566,58.21632577851483,37.03703703703704,77.61194029850746,0.025486039216996582,-0.2121623894912029,-0.7999999999999999,0.31318681318681324,7.383593158442921
80pct,30,CE,60,test,price_plus_ratios,99,3,14.0,34.34343434343434,1.0101010101010102,66.66666666666666,59.45089367974939,40.74074074074074,77.61194029850746,0.23589363017934442,-0.08990035425505137,-0.3,0.0687604756963844,7.782504699808605
80pct,30,CE,60,test,ratio_compression,99,3,14.0,34.34343434343434,38.38383838383838,51.515151515151516,43.33517597199189,20.000000000000004,59.25925925925925,-0.10648113790970933,-0.33732884356238174,-0.7999999999999999,-0.012210012210012208,-2.1200960484787563
80pct,30,CE,60,test,spot_momentum,99,3,14.0,34.34343434343434,46.464646464646464,55.55555555555556,52.96849087893863,40.00000000000001,66.66666666666666,0.023599257884972174,-0.20402886223781744,-0.6,0.07814407814407814,2.827895768879581
80pct,30,CE,60,test,spot_reversal,99,3,14.0,34.34343434343434,53.535353535353536,44.44444444444444,47.03150912106136,33.33333333333333,60.0,-0.023599257884972174,0.20402886223781744,-0.07814407814407814,0.6,-2.827895768879581
80pct,30,CE,60,test,train_majority,99,3,14.0,34.34343434343434,0.0,65.65656565656566,58.21632577851483,37.03703703703704,77.61194029850746,,,,,7.383593158442921
80pct,30,PE,30,train,price_baseline,348,9,39.0,43.103448275862064,34.770114942528735,53.735632183908045,54.166525808710375,47.42664161974302,60.13852651755318,0.11336232167146403,0.08557447407500379,-0.039757584833755535,0.2211329585765012,3.7738158561070114
80pct,30,PE,30,train,ratios_only,348,9,39.0,43.103448275862064,6.0344827586206895,56.60919540229885,57.97176995828993,52.245082541236776,62.94288428942011,0.049122619189649615,0.009783049655757473,-0.09867987298062582,0.13101909522774716,1.7633189116487356
80pct,30,PE,30,train,price_plus_ratios,348,9,39.0,43.103448275862064,34.770114942528735,56.03448275862068,55.85354596138619,49.961787565415285,60.81409261087624,0.13270379417691464,0.11211043476751846,-0.006690398666595617,0.24170494493414174,4.090857599660738
80pct,30,PE,30,train,ratio_compression,348,9,39.0,43.103448275862064,53.44827586206896,53.44827586206896,52.59168694434826,46.91316615455777,59.20445338078403,0.05473966731653619,0.007852780873184678,-0.10522843653144079,0.13343356639751694,1.9780690877253735
80pct,30,PE,30,train,spot_momentum,348,9,39.0,43.103448275862064,47.41379310344828,48.85057471264368,50.13745219256172,44.84950419620357,55.10135116129269,-0.00018821255518689005,-0.024122132989399747,-0.14140266355810133,0.09174935584419316,-0.41818589290401265
80pct,30,PE,30,train,spot_reversal,348,9,39.0,43.103448275862064,52.01149425287356,50.57471264367817,48.83330804135641,43.271800432619145,54.55821281503709,0.00018821255518689005,0.024122132989399747,-0.09174935584419337,0.14140266355810127,0.41818589290401265
80pct,30,PE,30,train,train_majority,348,9,39.0,43.103448275862064,0.0,56.896551724137936,58.10384127680194,51.44411379177461,63.4711582905408,,,,,1.6546095944602717
80pct,30,PE,30,validation,price_baseline,20,3,3.0,60.0,70.0,50.0,50.0,50.0,50.0,-0.08872180451127819,-0.3923076923076923,-0.39999999999999997,-0.38461538461538464,-4.59050269237632
80pct,30,PE,30,validation,ratios_only,20,3,3.0,60.0,20.0,40.0,30.952380952380953,0.0,50.0,-0.013554232238713805,0.16281638015180636,0.0,0.3256327603036127,-2.096130437985565
80pct,30,PE,30,validation,price_plus_ratios,20,3,3.0,60.0,70.0,50.0,44.047619047619044,25.0,57.14285714285714,-0.08872180451127819,-0.25054945054945055,-0.3010989010989011,-0.19999999999999998,-3.211666891177079
80pct,30,PE,30,validation,ratio_compression,20,3,3.0,60.0,60.0,50.0,41.66666666666667,0.0,75.0,-0.012030075187969924,0.15934065934065936,0.0,0.3186813186813187,3.1334311417700613
80pct,30,PE,30,validation,spot_momentum,20,3,3.0,60.0,60.0,40.0,36.904761904761905,0.0,75.0,-0.1609022556390977,-0.007692307692307693,-0.015384615384615385,0.0,-0.2975469118617327
80pct,30,PE,30,validation,spot_reversal,20,3,3.0,60.0,40.0,60.0,63.095238095238095,25.0,100.0,0.1609022556390977,0.007692307692307693,0.0,0.015384615384615385,0.2975469118617327
80pct,30,PE,30,validation,train_majority,20,3,3.0,60.0,0.0,40.0,51.19047619047619,28.57142857142857,75.0,,,,,-5.628035518197292
80pct,30,PE,30,test,price_baseline,48,2,10.0,37.5,64.58333333333334,47.91666666666667,47.36263736263736,46.15384615384615,48.57142857142857,0.16793313069908813,0.1500215470803706,0.12637362637362637,0.17366946778711484,2.9895805068033923
80pct,30,PE,30,test,ratios_only,48,2,10.0,37.5,22.916666666666664,56.25,65.16483516483517,45.714285714285715,84.61538461538461,-0.13168841774048196,-0.1772337260989713,-0.19512679285728327,-0.15934065934065936,3.043329030021287
80pct,30,PE,30,test,price_plus_ratios,48,2,10.0,37.5,70.83333333333334,45.83333333333333,43.51648351648352,38.46153846153847,48.57142857142857,0.13384715588363005,0.08214824391294981,0.049450549450549455,0.11484593837535015,-0.40890235846004214
80pct,30,PE,30,test,ratio_compression,48,2,10.0,37.5,52.083333333333336,47.91666666666667,52.197802197802204,42.857142857142854,61.53846153846154,-0.12755102040816327,-0.19389140271493213,-0.2087912087912088,-0.17899159663865546,-1.1142862582087103
80pct,30,PE,30,test,spot_momentum,48,2,10.0,37.5,41.66666666666667,39.58333333333333,46.48351648351648,31.428571428571427,61.53846153846154,-0.19409465914025184,-0.27758026287438053,-0.32967032967032966,-0.22549019607843138,-4.467040196138121
80pct,30,PE,30,test,spot_reversal,48,2,10.0,37.5,56.25,58.333333333333336,49.67032967032967,30.76923076923077,68.57142857142857,0.19409465914025184,0.27758026287438053,0.22549019607843138,0.32967032967032966,4.467040196138121
80pct,30,PE,30,test,train_majority,48,2,10.0,37.5,0.0,62.5,69.45054945054945,54.285714285714285,84.61538461538461,,,,,5.0633217476927355
80pct,30,PE,60,train,price_baseline,321,9,39.0,44.54828660436137,28.971962616822427,53.271028037383175,54.08120880686157,48.64373351679853,59.20477123548824,0.17076645672490862,0.20598179972411432,0.0777677094802073,0.3428016402451364,4.754644201644173
80pct,30,PE,60,train,ratios_only,321,9,39.0,44.54828660436137,0.0,55.45171339563863,56.210898553904656,51.14282541391844,60.06262193969947,0.07119782898937715,0.1175463910274087,-0.032336855300512085,0.26268468346915813,3.629914395083343
80pct,30,PE,60,train,price_plus_ratios,321,9,39.0,44.54828660436137,31.15264797507788,52.95950155763239,53.09308833203231,48.532789302627755,58.025427654103446,0.1779630086492135,0.20624802310803353,0.07515103294721702,0.3385191716148655,5.088582304412845
80pct,30,PE,60,train,ratio_compression,321,9,39.0,44.54828660436137,53.89408099688473,52.64797507788161,52.24731389739626,47.954568597859826,56.55312356242054,0.0242606083473617,-0.022405259770272603,-0.10792616441406137,0.06375490852954697,2.542418728151624
80pct,30,PE,60,train,spot_momentum,321,9,39.0,44.54828660436137,47.0404984423676,46.41744548286604,48.12221787063443,40.66440588185439,56.73367159190785,-0.06963705230161955,-0.0834243294890767,-0.2115588091966196,0.0561807904581169,-0.3758436040677621
80pct,30,PE,60,train,spot_reversal,321,9,39.0,44.54828660436137,52.64797507788161,53.271028037383175,51.433337684921135,43.106947728503485,58.57225513943044,0.06963705230161955,0.0834243294890767,-0.05618079045811691,0.2115588091966196,0.3758436040677621
80pct,30,PE,60,train,train_majority,321,9,39.0,44.54828660436137,0.0,55.45171339563863,56.210898553904656,51.14282541391844,60.06262193969947,,,,,3.629914395083343
80pct,30,PE,60,validation,price_baseline,17,3,3.0,47.05882352941176,82.35294117647058,64.70588235294117,41.66666666666667,0.0,75.0,0.24509803921568632,0.15804195804195803,-0.08391608391608392,0.39999999999999997,15.661345986207808
80pct,30,PE,60,validation,ratios_only,17,3,3.0,47.05882352941176,0.0,52.94117647058824,77.77777777777777,33.33333333333333,100.0,0.07371029619981843,-0.08266181655332698,-0.39999999999999997,0.234676366893346,-11.858405418612294
80pct,30,PE,60,validation,price_plus_ratios,17,3,3.0,47.05882352941176,88.23529411764706,58.82352941176471,33.33333333333333,0.0,75.0,0.20098039215686278,0.07202797202797202,-0.055944055944055944,0.19999999999999998,13.084192452286207
80pct,30,PE,60,validation,ratio_compression,17,3,3.0,47.05882352941176,52.94117647058824,58.82352941176471,69.44444444444446,50.0,100.0,0.08088235294117649,-0.2671328671328671,-0.7999999999999999,0.2657342657342658,12.186082716270478
80pct,30,PE,60,validation,spot_momentum,17,3,3.0,47.05882352941176,52.94117647058824,47.05882352941176,63.88888888888889,41.66666666666667,100.0,0.11029411764705883,-0.38251748251748247,-0.7999999999999999,0.034965034965034975,8.862503414427731
80pct,30,PE,60,validation,spot_reversal,17,3,3.0,47.05882352941176,47.05882352941176,52.94117647058824,36.111111111111114,0.0,58.333333333333336,-0.11029411764705883,0.38251748251748247,-0.034965034965034975,0.7999999999999999,-8.862503414427731
80pct,30,PE,60,validation,train_majority,17,3,3.0,47.05882352941176,0.0,52.94117647058824,77.77777777777777,33.33333333333333,100.0,,,,,-11.858405418612294
80pct,30,PE,60,test,price_baseline,46,2,11.0,41.30434782608695,60.86956521739131,54.347826086956516,51.86480186480187,46.15384615384615,57.57575757575758,0.23613937711995064,0.009650276194393848,-0.34065934065934067,0.35995989304812837,6.622961676424839
80pct,30,PE,60,test,ratios_only,46,2,11.0,41.30434782608695,0.0,58.69565217391305,61.88811188811189,54.54545454545454,69.23076923076923,0.07334826033918719,-0.1458299451428999,-0.38461538461538464,0.09295549432958482,7.807997121295665
80pct,30,PE,60,test,price_plus_ratios,46,2,11.0,41.30434782608695,65.21739130434783,54.347826086956516,49.53379953379954,38.46153846153847,60.60606060606061,0.23342584027135369,-0.010008373978962176,-0.3736263736263736,0.3536096256684492,6.108814763104382
80pct,30,PE,60,test,ratio_compression,46,2,11.0,41.30434782608695,50.0,43.47826086956522,46.620046620046615,39.39393939393939,53.84615384615385,-0.09454209065679926,-0.1050585443967797,-0.12087912087912088,-0.08923796791443851,-2.9100095182422336
80pct,30,PE,60,test,spot_momentum,46,2,11.0,41.30434782608695,41.30434782608695,36.95652173913043,37.41258741258741,36.36363636363637,38.46153846153847,-0.1411655874190564,-0.24656593406593405,-0.3681318681318681,-0.125,-6.827812015839952
80pct,30,PE,60,test,spot_reversal,46,2,11.0,41.30434782608695,56.52173913043478,60.86956521739131,58.74125874125874,53.84615384615385,63.63636363636363,0.1411655874190564,0.24656593406593405,0.125,0.3681318681318681,6.827812015839952
80pct,30,PE,60,test,train_majority,46,2,11.0,41.30434782608695,0.0,58.69565217391305,61.88811188811189,54.54545454545454,69.23076923076923,,,,,7.807997121295665
80pct,30,BOTH,30,train,insufficient_training,42,6,,,,,,,,,,,,
80pct,30,BOTH,60,train,insufficient_training,39,6,,,,,,,,,,,,
